date,contract,daily_fix_eur,bid_eur,ask_eur,high_eur,low_eur,open_interest
2024-01-02,SYMALFUTBLYR-27,15.50,,,,,5
2024-01-02,SYMALFUTBLYR-28,15.50,,,,,
2024-01-03,SYMALFUTBLYR-27,15.50,,,,,5
2024-01-03,SYMALFUTBLYR-28,15.50,,,,,
2024-01-04,SYMALFUTBLYR-27,15.50,,,,,5
2024-01-04,SYMALFUTBLYR-28,15.50,,,,,
2024-01-05,SYMALFUTBLYR-27,15.50,,,,,5
2024-01-05,SYMALFUTBLYR-28,15.50,,,,,
2024-01-08,SYMALFUTBLYR-27,15.50,,,,,5
2024-01-08,SYMALFUTBLYR-28,15.50,,,,,
2024-01-09,SYMALFUTBLYR-27,14.50,,,,,5
2024-01-09,SYMALFUTBLYR-28,14.50,,,,,
2024-01-10,SYMALFUTBLYR-27,14.50,,,,,5
2024-01-10,SYMALFUTBLYR-28,14.50,,,,,
2024-01-11,SYMALFUTBLYR-27,14.50,,,,,5
2024-01-11,SYMALFUTBLYR-28,14.50,,,,,
2024-01-12,SYMALFUTBLYR-27,14.50,,,,,5
2024-01-12,SYMALFUTBLYR-28,14.50,,,,,
2024-01-15,SYMALFUTBLYR-27,14.50,,,,,5
2024-01-15,SYMALFUTBLYR-28,14.50,,,,,
2024-01-16,SYMALFUTBLYR-27,14.00,,14.50,,,5
2024-01-16,SYMALFUTBLYR-28,14.00,,14.50,,,
2024-01-17,SYMALFUTBLYR-27,14.00,,,,,5
2024-01-17,SYMALFUTBLYR-28,14.00,,16.00,,,
2024-01-18,SYMALFUTBLYR-27,14.00,,,,,5
2024-01-18,SYMALFUTBLYR-28,14.00,,,,,
2024-01-19,SYMALFUTBLYR-27,14.00,,,,,7
2024-01-19,SYMALFUTBLYR-28,14.00,,16.00,,,
2024-01-22,SYMALFUTBLYR-27,14.00,,,,,7
2024-01-22,SYMALFUTBLYR-28,13.50,,,,,
2024-01-23,SYMALFUTBLYR-27,14.00,,,,,7
2024-01-23,SYMALFUTBLYR-28,13.50,,15.00,,,
2024-01-24,SYMALFUTBLYR-27,14.00,,15.00,,,7
2024-01-24,SYMALFUTBLYR-28,13.50,,,,,
2024-01-25,SYMALFUTBLYR-27,14.00,11.50,17.00,,,7
2024-01-25,SYMALFUTBLYR-28,13.50,,,,,
2024-01-26,SYMALFUTBLYR-27,14.00,,17.00,,,7
2024-01-26,SYMALFUTBLYR-28,13.50,,,,,
2024-01-29,SYMALFUTBLYR-27,14.00,,,,,7
2024-01-29,SYMALFUTBLYR-28,13.50,,,,,
2024-01-30,SYMALFUTBLYR-27,14.00,,,,,7
2024-01-30,SYMALFUTBLYR-28,13.50,,15.00,,,
2024-01-31,SYMALFUTBLYR-27,14.00,,,,,7
2024-01-31,SYMALFUTBLYR-28,13.50,,,,,
2024-02-01,SYMALFUTBLYR-27,14.00,,,,,7
2024-02-01,SYMALFUTBLYR-28,13.50,,,,,
2024-02-02,SYMALFUTBLYR-27,14.00,,,,,7
2024-02-02,SYMALFUTBLYR-28,13.50,,,,,
2024-02-05,SYMALFUTBLYR-27,14.00,,,,,7
2024-02-05,SYMALFUTBLYR-28,13.50,,,,,
2024-02-06,SYMALFUTBLYR-27,13.50,,,,,7
2024-02-06,SYMALFUTBLYR-28,13.00,,,,,
2024-02-07,SYMALFUTBLYR-27,13.50,,13.95,,,7
2024-02-07,SYMALFUTBLYR-28,13.00,,,,,
2024-02-08,SYMALFUTBLYR-27,13.50,,,,,7
2024-02-08,SYMALFUTBLYR-28,13.00,,,,,
2024-02-09,SYMALFUTBLYR-27,13.50,,,,,7
2024-02-09,SYMALFUTBLYR-28,13.00,,,,,
2024-02-12,SYMALFUTBLYR-27,13.50,,,,,7
2024-02-12,SYMALFUTBLYR-28,13.00,,,,,
2024-02-13,SYMALFUTBLYR-27,13.50,,15.45,,,7
2024-02-13,SYMALFUTBLYR-28,13.00,,,,,
2024-02-14,SYMALFUTBLYR-27,13.50,,,,,7
2024-02-14,SYMALFUTBLYR-28,13.00,,,,,
2024-02-15,SYMALFUTBLYR-27,13.50,,,,,7
2024-02-15,SYMALFUTBLYR-28,13.00,,,,,
2024-02-16,SYMALFUTBLYR-27,13.50,,,,,7
2024-02-16,SYMALFUTBLYR-28,13.00,,,,,
2024-02-19,SYMALFUTBLYR-27,13.50,,,,,7
2024-02-19,SYMALFUTBLYR-28,13.00,,,,,
2024-02-20,SYMALFUTBLYR-27,13.50,,,,,7
2024-02-20,SYMALFUTBLYR-28,13.00,,,,,
2024-02-21,SYMALFUTBLYR-27,13.50,,,,,7
2024-02-21,SYMALFUTBLYR-28,13.00,,,,,
2024-02-22,SYMALFUTBLYR-27,13.50,,,,,7
2024-02-22,SYMALFUTBLYR-28,13.00,,,,,
2024-02-23,SYMALFUTBLYR-27,13.50,,,,,7
2024-02-23,SYMALFUTBLYR-28,13.00,,,,,
2024-02-26,SYMALFUTBLYR-27,13.50,,,,,7
2024-02-26,SYMALFUTBLYR-28,13.00,,,,,
2024-02-27,SYMALFUTBLYR-27,13.50,,,,,7
2024-02-27,SYMALFUTBLYR-28,13.00,,,,,
2024-02-28,SYMALFUTBLYR-27,13.50,,,,,7
2024-02-28,SYMALFUTBLYR-28,13.00,,,,,
2024-02-29,SYMALFUTBLYR-27,13.50,,,,,7
2024-02-29,SYMALFUTBLYR-28,13.00,,13.50,,,
2024-03-01,SYMALFUTBLYR-27,13.50,,,,,7
2024-03-01,SYMALFUTBLYR-28,13.00,,14.00,,,
2024-03-04,SYMALFUTBLYR-27,13.50,,,,,7
2024-03-04,SYMALFUTBLYR-28,13.00,,,,,
2024-03-05,SYMALFUTBLYR-27,9.75,8.50,11.00,,,7
2024-03-05,SYMALFUTBLYR-28,9.75,8.50,11.00,,,
2024-03-06,SYMALFUTBLYR-27,9.00,8.00,10.00,,,7
2024-03-06,SYMALFUTBLYR-28,9.00,8.00,10.00,,,
2024-03-07,SYMALFUTBLYR-27,8.38,7.75,9.00,,,7
2024-03-07,SYMALFUTBLYR-28,8.38,7.75,9.00,,,
2024-03-08,SYMALFUTBLYR-27,8.00,7.50,8.50,,,7
2024-03-08,SYMALFUTBLYR-28,8.00,7.50,8.50,,,
2024-03-11,SYMALFUTBLYR-27,8.00,7.00,,,,7
2024-03-11,SYMALFUTBLYR-28,8.00,7.00,10.00,,,
2024-03-12,SYMALFUTBLYR-27,8.00,,,,,7
2024-03-12,SYMALFUTBLYR-28,8.00,,10.00,,,
2024-03-13,SYMALFUTBLYR-27,8.00,,,,,7
2024-03-13,SYMALFUTBLYR-28,8.00,6.00,10.00,,,
2024-03-14,SYMALFUTBLYR-27,7.25,6.75,,,,7
2024-03-14,SYMALFUTBLYR-28,7.25,6.75,,,,
2024-03-15,SYMALFUTBLYR-27,7.50,7.00,,7.50,7.50,12
2024-03-15,SYMALFUTBLYR-28,7.50,6.75,,,,2
2024-03-18,SYMALFUTBLYR-27,7.50,,,,,14
2024-03-18,SYMALFUTBLYR-28,7.50,,,,,2
2024-03-19,SYMALFUTBLYR-27,7.50,,,,,14
2024-03-19,SYMALFUTBLYR-28,7.50,,8.50,,,2
2024-03-20,SYMALFUTBLYR-27,7.50,,,,,14
2024-03-20,SYMALFUTBLYR-28,7.50,,8.50,,,2
2024-03-21,SYMALFUTBLYR-27,7.50,,,,,14
2024-03-21,SYMALFUTBLYR-28,7.50,,8.50,,,2
2024-03-22,SYMALFUTBLYR-27,7.50,,,,,14
2024-03-22,SYMALFUTBLYR-28,7.50,,,,,2
2024-03-25,SYMALFUTBLYR-27,7.50,,,,,14
2024-03-25,SYMALFUTBLYR-28,7.50,,,,,2
2024-03-26,SYMALFUTBLYR-27,7.50,,,,,14
2024-03-26,SYMALFUTBLYR-28,7.50,,8.50,,,2
2024-03-27,SYMALFUTBLYR-27,7.50,,,,,14
2024-03-27,SYMALFUTBLYR-28,7.50,,8.50,,,2
2024-04-02,SYMALFUTBLYR-27,7.50,,,,,14
2024-04-02,SYMALFUTBLYR-28,7.50,,,,,2
2024-04-03,SYMALFUTBLYR-27,7.50,,,,,14
2024-04-03,SYMALFUTBLYR-28,7.50,,8.00,,,2
2024-04-04,SYMALFUTBLYR-27,7.50,,,,,14
2024-04-04,SYMALFUTBLYR-28,6.75,5.50,8.00,,,2
2024-04-05,SYMALFUTBLYR-27,7.50,,,,,14
2024-04-05,SYMALFUTBLYR-28,6.88,,7.75,,,2
2024-04-08,SYMALFUTBLYR-27,7.50,,,,,14
2024-04-08,SYMALFUTBLYR-28,6.88,,,,,2
2024-04-09,SYMALFUTBLYR-27,7.25,,,,,14
2024-04-09,SYMALFUTBLYR-28,6.88,,8.00,,,2
2024-04-10,SYMALFUTBLYR-27,7.25,,,,,14
2024-04-10,SYMALFUTBLYR-28,7.00,5.91,7.50,,,2
2024-04-11,SYMALFUTBLYR-27,7.25,,,,,14
2024-04-11,SYMALFUTBLYR-28,7.00,,7.50,,,2
2024-04-12,SYMALFUTBLYR-27,7.25,,,,,14
2024-04-12,SYMALFUTBLYR-28,7.00,,,,,2
2024-04-15,SYMALFUTBLYR-27,7.25,,,,,14
2024-04-15,SYMALFUTBLYR-28,7.00,,8.25,,,2
2024-04-16,SYMALFUTBLYR-27,7.25,,,,,14
2024-04-16,SYMALFUTBLYR-28,7.00,,8.00,,,2
2024-04-17,SYMALFUTBLYR-27,7.25,,,,,14
2024-04-17,SYMALFUTBLYR-28,7.00,,,,,2
2024-04-18,SYMALFUTBLYR-27,7.25,,,,,14
2024-04-18,SYMALFUTBLYR-28,7.00,,7.75,,,2
2024-04-19,SYMALFUTBLYR-27,7.25,,,,,14
2024-04-19,SYMALFUTBLYR-28,7.00,,,,,2
2024-04-22,SYMALFUTBLYR-27,7.25,,,,,14
2024-04-22,SYMALFUTBLYR-28,7.00,6.00,8.00,,,2
2024-04-23,SYMALFUTBLYR-27,7.00,,,,,14
2024-04-23,SYMALFUTBLYR-28,6.85,,,,,2
2024-04-24,SYMALFUTBLYR-27,7.00,,,,,14
2024-04-24,SYMALFUTBLYR-28,6.85,,,,,2
2024-04-25,SYMALFUTBLYR-27,7.00,,,,,14
2024-04-25,SYMALFUTBLYR-28,6.85,,8.00,,,2
2024-04-26,SYMALFUTBLYR-27,7.00,,,,,14
2024-04-26,SYMALFUTBLYR-28,6.85,,8.00,,,2
2024-04-29,SYMALFUTBLYR-27,7.00,,,,,14
2024-04-29,SYMALFUTBLYR-28,7.00,6.00,8.00,,,2
2024-04-30,SYMALFUTBLYR-27,7.00,,,,,14
2024-04-30,SYMALFUTBLYR-28,7.00,,8.00,,,2
2024-05-02,SYMALFUTBLYR-27,7.00,,,,,14
2024-05-02,SYMALFUTBLYR-28,7.00,,8.00,,,2
2024-05-03,SYMALFUTBLYR-27,7.00,,,,,14
2024-05-03,SYMALFUTBLYR-28,7.00,,8.00,,,2
2024-05-06,SYMALFUTBLYR-27,7.00,,,,,14
2024-05-06,SYMALFUTBLYR-28,7.00,6.50,7.90,,,2
2024-05-07,SYMALFUTBLYR-27,7.00,,,,,14
2024-05-07,SYMALFUTBLYR-28,7.08,6.50,7.65,,,2
2024-05-08,SYMALFUTBLYR-27,7.00,,,,,14
2024-05-08,SYMALFUTBLYR-28,7.08,,8.00,,,2
2024-05-10,SYMALFUTBLYR-27,7.00,,,,,14
2024-05-10,SYMALFUTBLYR-28,7.08,,8.00,,,2
2024-05-13,SYMALFUTBLYR-27,7.00,,,,,14
2024-05-13,SYMALFUTBLYR-28,7.08,,,,,2
2024-05-14,SYMALFUTBLYR-27,7.00,,,,,14
2024-05-14,SYMALFUTBLYR-28,7.08,,,,,2
2024-05-15,SYMALFUTBLYR-27,6.75,4.65,7.00,,,17
2024-05-15,SYMALFUTBLYR-28,6.75,4.25,7.00,,,2
2024-05-16,SYMALFUTBLYR-27,6.75,,,,,17
2024-05-16,SYMALFUTBLYR-28,6.75,,,,,2
2024-05-21,SYMALFUTBLYR-27,6.75,,,,,17
2024-05-21,SYMALFUTBLYR-28,6.75,,7.50,,,2
2024-05-22,SYMALFUTBLYR-27,5.75,3.00,6.00,,,17
2024-05-22,SYMALFUTBLYR-28,5.75,2.75,6.00,,,2
2024-05-23,SYMALFUTBLYR-27,5.75,,,,,17
2024-05-23,SYMALFUTBLYR-28,5.75,,6.50,,,2
2024-05-24,SYMALFUTBLYR-27,5.75,,,,,27
2024-05-24,SYMALFUTBLYR-28,5.75,,,,,4
2024-05-27,SYMALFUTBLYR-27,5.75,,,,,27
2024-05-27,SYMALFUTBLYR-28,5.75,,,,,4
2024-05-28,SYMALFUTBLYR-27,5.75,,,,,27
2024-05-28,SYMALFUTBLYR-28,5.75,,7.00,,,4
2024-05-29,SYMALFUTBLYR-27,5.75,,,,,27
2024-05-29,SYMALFUTBLYR-28,5.75,,7.50,,,4
2024-05-30,SYMALFUTBLYR-27,5.75,,,,,27
2024-05-30,SYMALFUTBLYR-28,5.75,,,,,4
2024-05-31,SYMALFUTBLYR-27,5.75,,,,,27
2024-05-31,SYMALFUTBLYR-28,5.75,,,,,4
2024-06-03,SYMALFUTBLYR-27,5.75,,,,,27
2024-06-03,SYMALFUTBLYR-28,5.75,,6.50,,,4
2024-06-04,SYMALFUTBLYR-27,5.75,,,,,27
2024-06-04,SYMALFUTBLYR-28,5.75,,,,,4
2024-06-05,SYMALFUTBLYR-27,5.75,,,,,27
2024-06-05,SYMALFUTBLYR-28,5.75,,,,,4
2024-06-06,SYMALFUTBLYR-27,5.80,,,,,27
2024-06-06,SYMALFUTBLYR-28,5.80,4.52,6.50,,,4
2024-06-07,SYMALFUTBLYR-27,5.80,,,,,27
2024-06-07,SYMALFUTBLYR-28,5.75,,6.50,,,4
2024-06-10,SYMALFUTBLYR-27,5.80,,,,,27
2024-06-10,SYMALFUTBLYR-28,5.75,,,,,6
2024-06-11,SYMALFUTBLYR-27,5.80,,,,,27
2024-06-11,SYMALFUTBLYR-28,5.75,,,,,6
2024-06-12,SYMALFUTBLYR-27,5.80,,,,,27
2024-06-12,SYMALFUTBLYR-28,5.75,,,,,6
2024-06-13,SYMALFUTBLYR-27,5.80,,,,,27
2024-06-13,SYMALFUTBLYR-28,5.75,,,,,6
2024-06-14,SYMALFUTBLYR-27,5.80,,,,,27
2024-06-14,SYMALFUTBLYR-28,5.75,,,,,6
2024-06-17,SYMALFUTBLYR-27,5.80,,6.50,,,27
2024-06-17,SYMALFUTBLYR-28,5.75,,,,,6
2024-06-18,SYMALFUTBLYR-27,5.80,,,,,27
2024-06-18,SYMALFUTBLYR-28,5.75,,,,,6
2024-06-19,SYMALFUTBLYR-27,5.80,,,,,27
2024-06-19,SYMALFUTBLYR-28,5.75,,7.50,,,6
2024-06-20,SYMALFUTBLYR-27,6.00,,,,,27
2024-06-20,SYMALFUTBLYR-28,5.75,,,,,6
2024-06-21,SYMALFUTBLYR-27,6.00,,,,,27
2024-06-21,SYMALFUTBLYR-28,5.75,,,,,6
2024-06-24,SYMALFUTBLYR-27,6.00,,,,,27
2024-06-24,SYMALFUTBLYR-28,5.75,,,,,6
2024-06-25,SYMALFUTBLYR-27,6.00,,,,,27
2024-06-25,SYMALFUTBLYR-28,5.75,,,,,6
2024-06-26,SYMALFUTBLYR-27,6.00,,,,,27
2024-06-26,SYMALFUTBLYR-28,5.75,,,,,6
2024-06-27,SYMALFUTBLYR-27,6.00,,,,,27
2024-06-27,SYMALFUTBLYR-28,5.75,,,,,6
2024-06-28,SYMALFUTBLYR-27,6.40,,,,,27
2024-06-28,SYMALFUTBLYR-28,5.85,,,,,6
2024-07-01,SYMALFUTBLYR-27,6.40,,,,,34
2024-07-01,SYMALFUTBLYR-28,5.85,,,,,6
2024-07-02,SYMALFUTBLYR-27,6.40,,,,,34
2024-07-02,SYMALFUTBLYR-28,5.85,,,,,6
2024-07-03,SYMALFUTBLYR-27,6.40,,,,,34
2024-07-03,SYMALFUTBLYR-28,5.85,,,,,6
2024-07-04,SYMALFUTBLYR-27,6.40,,,,,34
2024-07-04,SYMALFUTBLYR-28,5.85,,,,,6
2024-07-05,SYMALFUTBLYR-27,6.40,,,,,34
2024-07-05,SYMALFUTBLYR-28,5.88,5.00,6.75,,,6
2024-07-08,SYMALFUTBLYR-27,6.40,,,,,34
2024-07-08,SYMALFUTBLYR-28,5.88,,,,,6
2024-07-09,SYMALFUTBLYR-27,6.40,,,,,34
2024-07-09,SYMALFUTBLYR-28,5.88,,,,,6
2024-07-10,SYMALFUTBLYR-27,6.40,,,,,34
2024-07-10,SYMALFUTBLYR-28,5.88,,,,,6
2024-07-11,SYMALFUTBLYR-27,6.40,,,,,34
2024-07-11,SYMALFUTBLYR-28,5.88,,,,,6
2024-07-12,SYMALFUTBLYR-27,6.40,,,,,34
2024-07-12,SYMALFUTBLYR-28,5.88,,,,,6
2024-07-15,SYMALFUTBLYR-27,6.40,,,,,34
2024-07-15,SYMALFUTBLYR-28,5.88,,,,,6
2024-07-16,SYMALFUTBLYR-27,6.40,,,,,34
2024-07-16,SYMALFUTBLYR-28,5.88,,,,,6
2024-07-17,SYMALFUTBLYR-27,6.40,,,,,34
2024-07-17,SYMALFUTBLYR-28,5.88,,7.50,,,6
2024-07-18,SYMALFUTBLYR-27,6.40,,,,,34
2024-07-18,SYMALFUTBLYR-28,5.88,,7.50,,,6
2024-07-19,SYMALFUTBLYR-27,6.40,,,,,34
2024-07-19,SYMALFUTBLYR-28,5.88,,7.50,,,6
2024-07-22,SYMALFUTBLYR-27,6.40,,,,,34
2024-07-22,SYMALFUTBLYR-28,5.88,,,,,6
2024-07-23,SYMALFUTBLYR-27,6.40,,,,,34
2024-07-23,SYMALFUTBLYR-28,5.88,,,,,6
2024-07-24,SYMALFUTBLYR-27,6.40,,,,,34
2024-07-24,SYMALFUTBLYR-28,5.88,,,,,6
2024-07-25,SYMALFUTBLYR-27,6.40,,,,,34
2024-07-25,SYMALFUTBLYR-28,5.88,,,,,6
2024-07-26,SYMALFUTBLYR-27,6.40,,,,,34
2024-07-26,SYMALFUTBLYR-28,5.88,,,,,6
2024-07-29,SYMALFUTBLYR-27,6.40,,,,,34
2024-07-29,SYMALFUTBLYR-28,5.88,,,,,6
2024-07-30,SYMALFUTBLYR-27,6.40,,,,,34
2024-07-30,SYMALFUTBLYR-28,5.88,,,,,6
2024-07-31,SYMALFUTBLYR-27,6.40,,,,,34
2024-07-31,SYMALFUTBLYR-28,5.88,,,,,6
2024-08-01,SYMALFUTBLYR-27,6.40,,,,,34
2024-08-01,SYMALFUTBLYR-28,5.88,,,,,6
2024-08-02,SYMALFUTBLYR-27,6.40,,,,,34
2024-08-02,SYMALFUTBLYR-28,5.88,,,,,6
2024-08-05,SYMALFUTBLYR-27,6.50,,,,,34
2024-08-05,SYMALFUTBLYR-28,6.00,,,,,6
2024-08-06,SYMALFUTBLYR-27,6.50,,,,,34
2024-08-06,SYMALFUTBLYR-28,6.00,,,,,6
2024-08-07,SYMALFUTBLYR-27,6.50,,,,,34
2024-08-07,SYMALFUTBLYR-28,6.00,,,,,6
2024-08-08,SYMALFUTBLYR-27,6.50,,,,,34
2024-08-08,SYMALFUTBLYR-28,6.00,,,,,6
2024-08-09,SYMALFUTBLYR-27,6.50,,,,,34
2024-08-09,SYMALFUTBLYR-28,6.00,,,,,6
2024-08-12,SYMALFUTBLYR-27,6.50,,,,,34
2024-08-12,SYMALFUTBLYR-28,6.00,,,,,6
2024-08-13,SYMALFUTBLYR-27,6.50,,,,,34
2024-08-13,SYMALFUTBLYR-28,6.00,,,,,6
2024-08-14,SYMALFUTBLYR-27,6.50,,,,,34
2024-08-14,SYMALFUTBLYR-28,6.00,,,,,6
2024-08-15,SYMALFUTBLYR-27,6.50,,,,,34
2024-08-15,SYMALFUTBLYR-28,6.00,,,,,6
2024-08-16,SYMALFUTBLYR-27,6.50,,,,,34
2024-08-16,SYMALFUTBLYR-28,6.00,,,,,6
2024-08-19,SYMALFUTBLYR-27,6.50,,,,,34
2024-08-19,SYMALFUTBLYR-28,6.00,,,,,6
2024-08-20,SYMALFUTBLYR-27,6.50,,,,,34
2024-08-20,SYMALFUTBLYR-28,6.00,,,,,6
2024-08-21,SYMALFUTBLYR-27,6.50,,,,,34
2024-08-21,SYMALFUTBLYR-28,6.00,,,,,6
2024-08-22,SYMALFUTBLYR-27,6.50,,,,,34
2024-08-22,SYMALFUTBLYR-28,6.00,,,,,6
2024-08-23,SYMALFUTBLYR-27,6.50,,,,,34
2024-08-23,SYMALFUTBLYR-28,6.00,,,,,6
2024-08-26,SYMALFUTBLYR-27,6.50,,,,,34
2024-08-26,SYMALFUTBLYR-28,6.00,,,,,6
2024-08-27,SYMALFUTBLYR-27,6.50,,,,,34
2024-08-27,SYMALFUTBLYR-28,6.00,,,,,6
2024-08-28,SYMALFUTBLYR-27,6.50,,,,,34
2024-08-28,SYMALFUTBLYR-28,6.00,,,,,6
2024-08-29,SYMALFUTBLYR-27,6.50,,,,,34
2024-08-29,SYMALFUTBLYR-28,6.00,,,,,6
2024-08-30,SYMALFUTBLYR-27,6.50,,,,,34
2024-08-30,SYMALFUTBLYR-28,6.00,,,,,6
2024-09-02,SYMALFUTBLYR-27,6.50,,,,,34
2024-09-02,SYMALFUTBLYR-28,6.00,,,,,6
2024-09-03,SYMALFUTBLYR-27,6.50,,,,,34
2024-09-03,SYMALFUTBLYR-28,6.00,,,,,6
2024-09-04,SYMALFUTBLYR-27,6.50,,,,,34
2024-09-04,SYMALFUTBLYR-28,6.00,,,,,6
2024-09-05,SYMALFUTBLYR-27,6.50,,,,,34
2024-09-05,SYMALFUTBLYR-28,6.00,,,,,6
2024-09-06,SYMALFUTBLYR-27,6.50,,,,,34
2024-09-06,SYMALFUTBLYR-28,6.00,,,,,6
2024-09-09,SYMALFUTBLYR-27,6.85,6.75,,,,34
2024-09-09,SYMALFUTBLYR-28,6.00,,,,,6
2024-09-10,SYMALFUTBLYR-27,7.45,7.20,8.00,,,34
2024-09-10,SYMALFUTBLYR-28,6.00,,,,,6
2024-09-11,SYMALFUTBLYR-27,7.45,,,,,34
2024-09-11,SYMALFUTBLYR-28,6.00,,,,,6
2024-09-12,SYMALFUTBLYR-27,7.45,7.40,,,,34
2024-09-12,SYMALFUTBLYR-28,6.00,,,,,6
2024-09-13,SYMALFUTBLYR-27,7.45,7.30,,,,34
2024-09-13,SYMALFUTBLYR-28,6.00,,,,,6
2024-09-16,SYMALFUTBLYR-27,7.45,,,,,34
2024-09-16,SYMALFUTBLYR-28,6.00,,,,,6
2024-09-17,SYMALFUTBLYR-27,7.45,,9.00,,,34
2024-09-17,SYMALFUTBLYR-28,6.00,,,,,6
2024-09-18,SYMALFUTBLYR-27,7.55,,8.45,,,34
2024-09-18,SYMALFUTBLYR-28,6.00,,,,,6
2024-09-19,SYMALFUTBLYR-27,7.55,7.50,,,,34
2024-09-19,SYMALFUTBLYR-28,6.00,,,,,6
2024-09-20,SYMALFUTBLYR-27,8.00,,,,,34
2024-09-20,SYMALFUTBLYR-28,6.25,,,,,6
2024-09-23,SYMALFUTBLYR-27,8.25,,,,,35
2024-09-23,SYMALFUTBLYR-28,6.25,,,,,6
2024-09-24,SYMALFUTBLYR-27,8.25,,,,,37
2024-09-24,SYMALFUTBLYR-28,6.25,,,,,6
2024-09-25,SYMALFUTBLYR-27,8.25,,,,,37
2024-09-25,SYMALFUTBLYR-28,6.25,,,,,6
2024-09-26,SYMALFUTBLYR-27,8.25,,,,,37
2024-09-26,SYMALFUTBLYR-28,6.25,,,,,6
2024-09-27,SYMALFUTBLYR-27,8.25,,,,,37
2024-09-27,SYMALFUTBLYR-28,6.25,,,,,6
2024-09-30,SYMALFUTBLYR-27,8.25,,,,,37
2024-09-30,SYMALFUTBLYR-28,6.25,,,,,6
2024-10-01,SYMALFUTBLYR-27,8.25,,,,,37
2024-10-01,SYMALFUTBLYR-28,6.25,,,,,6
2024-10-02,SYMALFUTBLYR-27,8.25,,,,,37
2024-10-02,SYMALFUTBLYR-28,6.25,,,,,6
2024-10-03,SYMALFUTBLYR-27,8.25,,,,,37
2024-10-03,SYMALFUTBLYR-28,6.25,,,,,6
2024-10-04,SYMALFUTBLYR-27,8.25,,,,,37
2024-10-04,SYMALFUTBLYR-28,6.25,,,,,6
2024-10-07,SYMALFUTBLYR-27,8.25,,,,,37
2024-10-07,SYMALFUTBLYR-28,6.25,,,,,6
2024-10-08,SYMALFUTBLYR-27,8.25,,,,,37
2024-10-08,SYMALFUTBLYR-28,6.25,,,,,6
2024-10-09,SYMALFUTBLYR-27,8.25,,,,,37
2024-10-09,SYMALFUTBLYR-28,6.25,,,,,6
2024-10-10,SYMALFUTBLYR-27,8.25,7.00,,,,37
2024-10-10,SYMALFUTBLYR-28,6.25,,,,,6
2024-10-11,SYMALFUTBLYR-27,8.35,,8.75,,,37
2024-10-11,SYMALFUTBLYR-28,6.25,,,,,6
2024-10-14,SYMALFUTBLYR-27,8.35,,,,,42
2024-10-14,SYMALFUTBLYR-28,6.25,,,,,6
2024-10-15,SYMALFUTBLYR-27,8.35,,,,,42
2024-10-15,SYMALFUTBLYR-28,6.25,,,,,6
2024-10-16,SYMALFUTBLYR-27,8.35,,,,,42
2024-10-16,SYMALFUTBLYR-28,6.25,,,,,6
2024-10-17,SYMALFUTBLYR-27,8.35,,,,,42
2024-10-17,SYMALFUTBLYR-28,6.25,,,,,6
2024-10-18,SYMALFUTBLYR-27,8.35,,,,,42
2024-10-18,SYMALFUTBLYR-28,6.25,,,,,6
2024-10-21,SYMALFUTBLYR-27,8.35,,,,,42
2024-10-21,SYMALFUTBLYR-28,6.25,,,,,6
2024-10-22,SYMALFUTBLYR-27,8.10,,,,,43
2024-10-22,SYMALFUTBLYR-28,6.15,,,,,6
2024-10-23,SYMALFUTBLYR-27,8.10,,,,,43
2024-10-23,SYMALFUTBLYR-28,6.20,6.15,,,,6
2024-10-24,SYMALFUTBLYR-27,8.10,,9.30,,,43
2024-10-24,SYMALFUTBLYR-28,6.35,6.20,,,,6
2024-10-25,SYMALFUTBLYR-27,8.10,,,,,43
2024-10-25,SYMALFUTBLYR-28,6.50,6.35,,,,6
2024-10-28,SYMALFUTBLYR-27,8.10,,,,,43
2024-10-28,SYMALFUTBLYR-28,6.55,,,,,6
2024-10-29,SYMALFUTBLYR-27,8.10,,,,,43
2024-10-29,SYMALFUTBLYR-28,6.75,6.55,,,,6
2024-10-30,SYMALFUTBLYR-27,8.10,,,,,43
2024-10-30,SYMALFUTBLYR-28,6.80,6.75,,,,6
2024-10-31,SYMALFUTBLYR-27,8.15,,,,,43
2024-10-31,SYMALFUTBLYR-28,6.90,6.80,,,,6
2024-11-01,SYMALFUTBLYR-27,8.15,,,,,43
2024-11-01,SYMALFUTBLYR-28,7.25,6.90,8.75,,,6
2024-11-04,SYMALFUTBLYR-27,8.15,,,,,43
2024-11-04,SYMALFUTBLYR-28,7.25,6.50,,,,6
2024-11-05,SYMALFUTBLYR-27,8.15,,,,,43
2024-11-05,SYMALFUTBLYR-28,7.25,,,,,6
2024-11-06,SYMALFUTBLYR-27,8.60,,,,,43
2024-11-06,SYMALFUTBLYR-28,7.25,7.00,,,,6
2024-11-07,SYMALFUTBLYR-27,8.60,,,,,44
2024-11-07,SYMALFUTBLYR-28,7.25,7.00,,,,6
2024-11-08,SYMALFUTBLYR-27,8.60,,,,,44
2024-11-08,SYMALFUTBLYR-28,7.25,6.80,,,,6
2024-11-11,SYMALFUTBLYR-27,8.60,,,,,44
2024-11-11,SYMALFUTBLYR-28,7.25,6.80,,,,6
2024-11-12,SYMALFUTBLYR-27,8.60,6.50,,,,44
2024-11-12,SYMALFUTBLYR-28,7.25,6.80,,,,6
2024-11-13,SYMALFUTBLYR-27,8.60,,,,,44
2024-11-13,SYMALFUTBLYR-28,7.25,7.00,,,,6
2024-11-14,SYMALFUTBLYR-27,8.60,,9.50,,,44
2024-11-14,SYMALFUTBLYR-28,7.25,7.10,9.00,,,6
2024-11-15,SYMALFUTBLYR-27,8.60,,9.90,,,44
2024-11-15,SYMALFUTBLYR-28,7.25,7.00,,,,6
2024-11-18,SYMALFUTBLYR-27,8.60,,,,,44
2024-11-18,SYMALFUTBLYR-28,7.25,7.00,,,,6
2024-11-19,SYMALFUTBLYR-27,8.80,,,,,44
2024-11-19,SYMALFUTBLYR-28,7.35,7.25,,,,6
2024-11-20,SYMALFUTBLYR-27,8.80,,,,,44
2024-11-20,SYMALFUTBLYR-28,7.35,7.00,,,,6
2024-11-21,SYMALFUTBLYR-27,8.80,,,,,44
2024-11-21,SYMALFUTBLYR-28,7.35,,,,,6
2024-11-22,SYMALFUTBLYR-27,8.80,,,,,44
2024-11-22,SYMALFUTBLYR-28,7.35,7.30,,,,6
2024-11-25,SYMALFUTBLYR-27,8.80,,,,,44
2024-11-25,SYMALFUTBLYR-28,7.35,7.00,,,,6
2024-11-26,SYMALFUTBLYR-27,8.80,6.50,,,,44
2024-11-26,SYMALFUTBLYR-28,7.40,,,,,6
2024-11-27,SYMALFUTBLYR-27,8.80,6.50,,,,44
2024-11-27,SYMALFUTBLYR-28,7.40,7.00,,,,6
2024-11-28,SYMALFUTBLYR-27,8.80,6.50,,,,44
2024-11-28,SYMALFUTBLYR-28,7.75,7.50,9.00,,,6
2024-11-29,SYMALFUTBLYR-27,8.80,,,,,44
2024-11-29,SYMALFUTBLYR-28,7.75,7.00,,,,6
2024-12-02,SYMALFUTBLYR-27,8.80,,,,,44
2024-12-02,SYMALFUTBLYR-28,7.75,,,,,6
2024-12-03,SYMALFUTBLYR-27,8.80,,,,,44
2024-12-03,SYMALFUTBLYR-28,7.75,,,,,6
2024-12-04,SYMALFUTBLYR-27,8.80,,,,,44
2024-12-04,SYMALFUTBLYR-28,7.75,,,,,6
2024-12-05,SYMALFUTBLYR-27,8.80,,,,,44
2024-12-05,SYMALFUTBLYR-28,7.75,7.00,,,,6
2024-12-06,SYMALFUTBLYR-27,8.80,,,,,44
2024-12-06,SYMALFUTBLYR-28,7.75,7.00,,,,6
2024-12-09,SYMALFUTBLYR-27,8.80,,,,,44
2024-12-09,SYMALFUTBLYR-28,7.75,7.00,,,,6
2024-12-10,SYMALFUTBLYR-27,8.80,,,,,44
2024-12-10,SYMALFUTBLYR-28,7.75,,,,,6
2024-12-11,SYMALFUTBLYR-27,8.80,,,,,44
2024-12-11,SYMALFUTBLYR-28,7.75,,,,,6
2024-12-12,SYMALFUTBLYR-27,8.80,,,,,44
2024-12-12,SYMALFUTBLYR-28,7.75,,,,,6
2024-12-13,SYMALFUTBLYR-27,9.00,8.00,12.00,,,44
2024-12-13,SYMALFUTBLYR-28,7.90,7.75,11.75,,,6
2024-12-16,SYMALFUTBLYR-27,9.00,,,,,44
2024-12-16,SYMALFUTBLYR-28,7.90,,,,,6
2024-12-17,SYMALFUTBLYR-27,9.50,,,,,44
2024-12-17,SYMALFUTBLYR-28,8.00,7.00,,,,6
2024-12-18,SYMALFUTBLYR-27,9.75,9.50,,,,44
2024-12-18,SYMALFUTBLYR-28,8.00,,,,,6
2024-12-19,SYMALFUTBLYR-27,9.75,,,,,44
2024-12-19,SYMALFUTBLYR-28,8.00,,,,,6
2024-12-20,SYMALFUTBLYR-27,10.25,10.00,,,,44
2024-12-20,SYMALFUTBLYR-28,8.00,,,,,6
2024-12-23,SYMALFUTBLYR-27,10.25,,,,,44
2024-12-23,SYMALFUTBLYR-28,8.00,,,,,6
2024-12-27,SYMALFUTBLYR-27,11.00,10.75,,,,44
2024-12-27,SYMALFUTBLYR-28,8.00,,,,,6
2024-12-30,SYMALFUTBLYR-27,11.00,,,,,44
2024-12-30,SYMALFUTBLYR-28,8.25,8.00,,,,6
2025-01-02,SYMALFUTBLYR-27,11.00,10.00,,,,44
2025-01-02,SYMALFUTBLYR-28,8.25,,,,,6
2025-01-02,SYMALFUTBLYR-29,8.25,,,,,
2025-01-03,SYMALFUTBLYR-27,11.00,,,,,44
2025-01-03,SYMALFUTBLYR-28,8.25,8.00,,,,6
2025-01-03,SYMALFUTBLYR-29,8.25,,,,,
2025-01-06,SYMALFUTBLYR-27,11.00,,,,,44
2025-01-06,SYMALFUTBLYR-28,8.25,,,,,6
2025-01-06,SYMALFUTBLYR-29,8.25,,,,,
2025-01-07,SYMALFUTBLYR-27,11.00,,,,,44
2025-01-07,SYMALFUTBLYR-28,8.25,,,,,6
2025-01-07,SYMALFUTBLYR-29,8.25,,,,,
2025-01-08,SYMALFUTBLYR-27,11.76,,,,,44
2025-01-08,SYMALFUTBLYR-28,8.25,,,,,6
2025-01-08,SYMALFUTBLYR-29,8.25,,,,,
2025-01-09,SYMALFUTBLYR-27,11.76,,,,,52
2025-01-09,SYMALFUTBLYR-28,8.25,7.00,,,,6
2025-01-09,SYMALFUTBLYR-29,8.25,,,,,
2025-01-10,SYMALFUTBLYR-27,11.76,,,,,52
2025-01-10,SYMALFUTBLYR-28,8.25,7.00,,,,6
2025-01-10,SYMALFUTBLYR-29,8.25,,,,,
2025-01-13,SYMALFUTBLYR-27,11.76,,,,,52
2025-01-13,SYMALFUTBLYR-28,8.25,7.00,,,,6
2025-01-13,SYMALFUTBLYR-29,8.25,,,,,
2025-01-14,SYMALFUTBLYR-27,12.00,11.75,14.00,,,52
2025-01-14,SYMALFUTBLYR-28,8.25,8.00,,,,6
2025-01-14,SYMALFUTBLYR-29,8.25,,,,,
2025-01-15,SYMALFUTBLYR-27,12.00,,12.40,,,52
2025-01-15,SYMALFUTBLYR-28,8.25,7.00,,,,6
2025-01-15,SYMALFUTBLYR-29,8.25,,,,,
2025-01-16,SYMALFUTBLYR-27,12.00,,,,,52
2025-01-16,SYMALFUTBLYR-28,8.25,8.00,,,,6
2025-01-16,SYMALFUTBLYR-29,8.25,,,,,
2025-01-17,SYMALFUTBLYR-27,12.00,,,,,52
2025-01-17,SYMALFUTBLYR-28,8.25,7.00,,,,6
2025-01-17,SYMALFUTBLYR-29,8.25,,,,,
2025-01-20,SYMALFUTBLYR-27,12.00,,,,,52
2025-01-20,SYMALFUTBLYR-28,8.25,8.00,,,,6
2025-01-20,SYMALFUTBLYR-29,8.25,,,,,
2025-01-21,SYMALFUTBLYR-27,12.00,,,,,52
2025-01-21,SYMALFUTBLYR-28,8.25,,,,,6
2025-01-21,SYMALFUTBLYR-29,8.25,,,,,
2025-01-22,SYMALFUTBLYR-27,12.40,,,,,52
2025-01-22,SYMALFUTBLYR-28,8.50,8.25,,,,6
2025-01-22,SYMALFUTBLYR-29,8.25,,,,,
2025-01-23,SYMALFUTBLYR-27,12.40,12.00,,,,60
2025-01-23,SYMALFUTBLYR-28,8.50,7.75,,,,6
2025-01-23,SYMALFUTBLYR-29,8.25,,,,,
2025-01-24,SYMALFUTBLYR-27,12.40,,,,,60
2025-01-24,SYMALFUTBLYR-28,9.00,8.50,,,,6
2025-01-24,SYMALFUTBLYR-29,8.75,8.50,,,,
2025-01-27,SYMALFUTBLYR-27,12.40,,,,,60
2025-01-27,SYMALFUTBLYR-28,9.25,9.00,,,,6
2025-01-27,SYMALFUTBLYR-29,8.75,,,,,
2025-01-28,SYMALFUTBLYR-27,12.40,,,,,60
2025-01-28,SYMALFUTBLYR-28,9.25,9.00,,,,6
2025-01-28,SYMALFUTBLYR-29,9.00,8.75,,,,
2025-01-29,SYMALFUTBLYR-27,13.00,12.80,,,,60
2025-01-29,SYMALFUTBLYR-28,9.25,7.00,,,,6
2025-01-29,SYMALFUTBLYR-29,9.00,,,,,
2025-01-30,SYMALFUTBLYR-27,13.00,,,,,60
2025-01-30,SYMALFUTBLYR-28,9.25,7.00,13.63,,,6
2025-01-30,SYMALFUTBLYR-29,9.00,,,,,
2025-01-31,SYMALFUTBLYR-27,13.00,,,,,60
2025-01-31,SYMALFUTBLYR-28,9.25,7.00,,,,6
2025-01-31,SYMALFUTBLYR-29,9.00,,,,,
2025-02-03,SYMALFUTBLYR-27,13.00,,,,,60
2025-02-03,SYMALFUTBLYR-28,9.25,9.00,,,,6
2025-02-03,SYMALFUTBLYR-29,9.10,9.00,,,,
2025-02-04,SYMALFUTBLYR-27,13.00,,,,,60
2025-02-04,SYMALFUTBLYR-28,9.25,,,,,6
2025-02-04,SYMALFUTBLYR-29,9.10,,,,,
2025-02-05,SYMALFUTBLYR-27,13.47,,,,,60
2025-02-05,SYMALFUTBLYR-28,9.25,9.00,,,,6
2025-02-05,SYMALFUTBLYR-29,9.10,,,,,
2025-02-06,SYMALFUTBLYR-27,13.47,,,,,68
2025-02-06,SYMALFUTBLYR-28,9.25,,,,,6
2025-02-06,SYMALFUTBLYR-29,9.10,,,,,
2025-02-07,SYMALFUTBLYR-27,13.47,,16.00,,,68
2025-02-07,SYMALFUTBLYR-28,9.25,9.00,,,,6
2025-02-07,SYMALFUTBLYR-29,9.10,,,,,
2025-02-10,SYMALFUTBLYR-27,13.47,,,,,68
2025-02-10,SYMALFUTBLYR-28,9.25,,,,,6
2025-02-10,SYMALFUTBLYR-29,9.10,,,,,
2025-02-11,SYMALFUTBLYR-27,13.47,12.00,,,,68
2025-02-11,SYMALFUTBLYR-28,9.25,9.00,,,,6
2025-02-11,SYMALFUTBLYR-29,9.10,,,,,
2025-02-12,SYMALFUTBLYR-27,13.75,,15.00,,,68
2025-02-12,SYMALFUTBLYR-28,9.50,9.25,15.00,,,6
2025-02-12,SYMALFUTBLYR-29,9.10,,,,,
2025-02-13,SYMALFUTBLYR-27,13.75,,,,,68
2025-02-13,SYMALFUTBLYR-28,9.50,9.25,,,,6
2025-02-13,SYMALFUTBLYR-29,9.10,,,,,
2025-02-14,SYMALFUTBLYR-27,13.75,,,,,68
2025-02-14,SYMALFUTBLYR-28,9.50,7.00,,,,6
2025-02-14,SYMALFUTBLYR-29,9.10,,,,,
2025-02-17,SYMALFUTBLYR-27,13.75,,,,,68
2025-02-17,SYMALFUTBLYR-28,9.50,,,,,6
2025-02-17,SYMALFUTBLYR-29,9.10,,,,,
2025-02-18,SYMALFUTBLYR-27,13.75,,,,,68
2025-02-18,SYMALFUTBLYR-28,9.50,9.25,,,,6
2025-02-18,SYMALFUTBLYR-29,9.10,,,,,
2025-02-19,SYMALFUTBLYR-27,13.05,12.00,,,,68
2025-02-19,SYMALFUTBLYR-28,9.50,,,,,6
2025-02-19,SYMALFUTBLYR-29,9.10,,,,,
2025-02-20,SYMALFUTBLYR-27,13.05,,,,,76
2025-02-20,SYMALFUTBLYR-28,9.50,,,,,6
2025-02-20,SYMALFUTBLYR-29,9.10,,,,,
2025-02-21,SYMALFUTBLYR-27,13.05,,,,,76
2025-02-21,SYMALFUTBLYR-28,9.50,,,,,6
2025-02-21,SYMALFUTBLYR-29,9.10,,,,,
2025-02-24,SYMALFUTBLYR-27,13.05,12.25,,,,76
2025-02-24,SYMALFUTBLYR-28,9.50,9.25,,,,6
2025-02-24,SYMALFUTBLYR-29,9.10,,,,,
2025-02-25,SYMALFUTBLYR-27,13.05,,,,,76
2025-02-25,SYMALFUTBLYR-28,9.50,7.00,,,,6
2025-02-25,SYMALFUTBLYR-29,9.10,,,,,
2025-02-26,SYMALFUTBLYR-27,13.05,12.25,,,,76
2025-02-26,SYMALFUTBLYR-28,9.50,9.00,,,,6
2025-02-26,SYMALFUTBLYR-29,9.10,9.00,,,,
2025-02-27,SYMALFUTBLYR-27,13.05,,,,,76
2025-02-27,SYMALFUTBLYR-28,9.50,7.00,,,,6
2025-02-27,SYMALFUTBLYR-29,9.10,,,,,
2025-02-28,SYMALFUTBLYR-27,13.05,,,,,76
2025-02-28,SYMALFUTBLYR-28,9.50,7.00,,,,6
2025-02-28,SYMALFUTBLYR-29,9.10,,,,,
2025-03-03,SYMALFUTBLYR-27,13.05,,,,,76
2025-03-03,SYMALFUTBLYR-28,9.50,,,,,6
2025-03-03,SYMALFUTBLYR-29,9.10,,,,,
2025-03-04,SYMALFUTBLYR-27,13.05,,,,,76
2025-03-04,SYMALFUTBLYR-28,9.60,9.45,,,,6
2025-03-04,SYMALFUTBLYR-29,9.10,,,,,
2025-03-05,SYMALFUTBLYR-27,13.00,,,,,76
2025-03-05,SYMALFUTBLYR-28,9.60,7.00,,,,6
2025-03-05,SYMALFUTBLYR-29,9.10,,,,,
2025-03-06,SYMALFUTBLYR-27,13.00,,,,,84
2025-03-06,SYMALFUTBLYR-28,9.60,,,,,6
2025-03-06,SYMALFUTBLYR-29,9.10,,,,,
2025-03-07,SYMALFUTBLYR-27,13.00,,,,,84
2025-03-07,SYMALFUTBLYR-28,9.60,7.00,,,,6
2025-03-07,SYMALFUTBLYR-29,9.10,,,,,
2025-03-10,SYMALFUTBLYR-27,13.00,12.00,14.50,,,84
2025-03-10,SYMALFUTBLYR-28,11.25,11.00,,,,6
2025-03-10,SYMALFUTBLYR-29,9.10,,,,,
2025-03-11,SYMALFUTBLYR-27,13.00,,,,,84
2025-03-11,SYMALFUTBLYR-28,11.25,7.00,,,,6
2025-03-11,SYMALFUTBLYR-29,9.10,,,,,
2025-03-12,SYMALFUTBLYR-27,13.00,,,,,84
2025-03-12,SYMALFUTBLYR-28,11.25,7.00,,,,6
2025-03-12,SYMALFUTBLYR-29,9.10,,,,,
2025-03-13,SYMALFUTBLYR-27,13.00,,,,,84
2025-03-13,SYMALFUTBLYR-28,11.25,,,,,6
2025-03-13,SYMALFUTBLYR-29,9.15,9.10,,,,
2025-03-14,SYMALFUTBLYR-27,13.00,,,,,84
2025-03-14,SYMALFUTBLYR-28,11.25,,,,,6
2025-03-14,SYMALFUTBLYR-29,9.15,,,,,
2025-03-17,SYMALFUTBLYR-27,13.00,,,,,84
2025-03-17,SYMALFUTBLYR-28,11.25,,,,,6
2025-03-17,SYMALFUTBLYR-29,9.15,,,,,
2025-03-18,SYMALFUTBLYR-27,13.00,,,,,84
2025-03-18,SYMALFUTBLYR-28,11.25,8.50,,,,6
2025-03-18,SYMALFUTBLYR-29,9.15,,,,,
2025-03-19,SYMALFUTBLYR-27,12.55,,,,,84
2025-03-19,SYMALFUTBLYR-28,11.25,,,,,6
2025-03-19,SYMALFUTBLYR-29,9.20,,,,,
2025-03-20,SYMALFUTBLYR-27,13.00,,,,,93
2025-03-20,SYMALFUTBLYR-28,11.25,11.00,,,,6
2025-03-20,SYMALFUTBLYR-29,9.20,9.00,,,,
2025-03-21,SYMALFUTBLYR-27,13.00,11.75,,,,93
2025-03-21,SYMALFUTBLYR-28,11.25,10.55,,,,6
2025-03-21,SYMALFUTBLYR-29,9.28,,,,,
2025-03-24,SYMALFUTBLYR-27,13.25,,,,,93
2025-03-24,SYMALFUTBLYR-28,11.25,10.75,,,,6
2025-03-24,SYMALFUTBLYR-29,9.28,9.00,,,,
2025-03-25,SYMALFUTBLYR-27,13.25,,,,,93
2025-03-25,SYMALFUTBLYR-28,11.50,,,,,6
2025-03-25,SYMALFUTBLYR-29,9.50,,,,,
2025-03-26,SYMALFUTBLYR-27,13.25,,,,,93
2025-03-26,SYMALFUTBLYR-28,11.50,7.00,,,,7
2025-03-26,SYMALFUTBLYR-29,9.50,,,,,
2025-03-27,SYMALFUTBLYR-27,13.25,12.25,14.00,,,93
2025-03-27,SYMALFUTBLYR-28,11.50,7.00,,,,7
2025-03-27,SYMALFUTBLYR-29,9.50,,,,,
2025-03-28,SYMALFUTBLYR-27,13.25,,,,,93
2025-03-28,SYMALFUTBLYR-28,11.50,10.50,,,,7
2025-03-28,SYMALFUTBLYR-29,9.50,9.25,,,,
2025-03-31,SYMALFUTBLYR-27,13.50,12.50,14.00,,,93
2025-03-31,SYMALFUTBLYR-28,11.50,7.00,,,,7
2025-03-31,SYMALFUTBLYR-29,9.50,,,,,
2025-04-01,SYMALFUTBLQ1-26,17.00,14.00,17.50,17.00,17.00,
2025-04-01,SYMALFUTBLYR-27,13.50,12.75,14.25,,,94
2025-04-01,SYMALFUTBLYR-28,11.50,7.00,,,,7
2025-04-01,SYMALFUTBLYR-29,9.50,,,,,
2025-04-02,SYMALFUTBLQ1-26,17.00,15.15,17.50,,,1
2025-04-02,SYMALFUTBLYR-27,13.50,12.75,14.25,,,94
2025-04-02,SYMALFUTBLYR-28,11.50,11.00,,,,7
2025-04-02,SYMALFUTBLYR-29,9.50,,,,,
2025-04-03,SYMALFUTBLQ1-26,17.00,,17.50,,,1
2025-04-03,SYMALFUTBLYR-27,13.50,,,,,94
2025-04-03,SYMALFUTBLYR-28,11.50,7.00,,,,7
2025-04-03,SYMALFUTBLYR-29,9.50,,,,,
2025-04-04,SYMALFUTBLQ1-26,17.00,,,,,1
2025-04-04,SYMALFUTBLYR-27,13.38,12.75,14.00,,,94
2025-04-04,SYMALFUTBLYR-28,11.50,10.00,,,,7
2025-04-04,SYMALFUTBLYR-29,9.50,,,,,
2025-04-07,SYMALFUTBLQ1-26,17.00,,,,,1
2025-04-07,SYMALFUTBLYR-27,13.38,,,,,94
2025-04-07,SYMALFUTBLYR-28,11.50,7.00,,,,7
2025-04-07,SYMALFUTBLYR-29,9.50,,,,,
2025-04-08,SYMALFUTBLQ1-26,16.38,15.00,17.75,,,1
2025-04-08,SYMALFUTBLYR-27,12.67,,,,,94
2025-04-08,SYMALFUTBLYR-28,11.50,,,,,7
2025-04-08,SYMALFUTBLYR-29,9.50,,,,,
2025-04-09,SYMALFUTBLQ1-26,16.38,15.00,17.75,,,1
2025-04-09,SYMALFUTBLYR-27,12.67,10.00,,,,101
2025-04-09,SYMALFUTBLYR-28,11.75,,,,,7
2025-04-09,SYMALFUTBLYR-29,9.50,5.00,,,,
2025-04-10,SYMALFUTBLQ1-26,16.38,,,,,1
2025-04-10,SYMALFUTBLYR-27,12.67,10.00,,,,101
2025-04-10,SYMALFUTBLYR-28,11.75,9.50,,,,11
2025-04-10,SYMALFUTBLYR-29,9.50,7.00,,,,
2025-04-11,SYMALFUTBLQ1-26,16.38,,,,,1
2025-04-11,SYMALFUTBLYR-27,12.67,10.00,,,,101
2025-04-11,SYMALFUTBLYR-28,11.75,7.50,,,,11
2025-04-11,SYMALFUTBLYR-29,9.50,7.00,,,,
2025-04-14,SYMALFUTBLQ1-26,16.38,,,,,1
2025-04-14,SYMALFUTBLYR-27,12.67,,,,,101
2025-04-14,SYMALFUTBLYR-28,11.75,,,,,11
2025-04-14,SYMALFUTBLYR-29,9.50,7.00,,,,
2025-04-15,SYMALFUTBLQ1-26,16.38,,,,,1
2025-04-15,SYMALFUTBLYR-27,12.67,,,,,101
2025-04-15,SYMALFUTBLYR-28,11.75,,,,,11
2025-04-15,SYMALFUTBLYR-29,9.75,7.00,,,,
2025-04-16,SYMALFUTBLQ1-26,16.38,,,,,1
2025-04-16,SYMALFUTBLYR-27,12.67,,,,,101
2025-04-16,SYMALFUTBLYR-28,11.75,,,,,11
2025-04-16,SYMALFUTBLYR-29,9.75,7.00,,,,
2025-04-22,SYMALFUTBLQ1-26,16.38,,,,,1
2025-04-22,SYMALFUTBLYR-27,12.50,,,,,101
2025-04-22,SYMALFUTBLYR-28,11.75,10.75,,,,11
2025-04-22,SYMALFUTBLYR-29,9.75,7.00,,,,
2025-04-23,SYMALFUTBLQ1-26,16.38,,,,,1
2025-04-23,SYMALFUTBLYR-27,12.50,,,,,110
2025-04-23,SYMALFUTBLYR-28,11.75,,,,,11
2025-04-23,SYMALFUTBLYR-29,9.75,7.00,,,,
2025-04-24,SYMALFUTBLQ1-26,16.38,,,,,1
2025-04-24,SYMALFUTBLYR-27,12.50,,,,,110
2025-04-24,SYMALFUTBLYR-28,11.75,,,,,11
2025-04-24,SYMALFUTBLYR-29,10.25,7.00,,,,
2025-04-25,SYMALFUTBLQ1-26,16.38,,,,,1
2025-04-25,SYMALFUTBLYR-27,12.50,,,,,110
2025-04-25,SYMALFUTBLYR-28,11.75,,,,,11
2025-04-25,SYMALFUTBLYR-29,10.25,7.30,,,,
2025-04-28,SYMALFUTBLQ1-26,16.38,,,,,1
2025-04-28,SYMALFUTBLYR-27,12.50,,,,,110
2025-04-28,SYMALFUTBLYR-28,11.75,11.00,,,,11
2025-04-28,SYMALFUTBLYR-29,10.30,7.00,,,,
2025-04-29,SYMALFUTBLQ1-26,16.38,,,,,1
2025-04-29,SYMALFUTBLYR-27,12.50,12.05,13.75,,,110
2025-04-29,SYMALFUTBLYR-28,11.75,,,,,11
2025-04-29,SYMALFUTBLYR-29,10.30,7.50,,,,
2025-04-30,SYMALFUTBLQ1-26,16.40,,,,,1
2025-04-30,SYMALFUTBLYR-27,12.50,,,,,110
2025-04-30,SYMALFUTBLYR-28,11.75,,,,,11
2025-04-30,SYMALFUTBLYR-29,10.30,7.50,,,,
2025-05-02,SYMALFUTBLQ1-26,16.40,,,,,4
2025-05-02,SYMALFUTBLYR-27,12.50,,,,,110
2025-05-02,SYMALFUTBLYR-28,11.75,7.00,,,,11
2025-05-02,SYMALFUTBLYR-29,10.30,7.50,,,,
2025-05-05,SYMALFUTBLQ1-26,16.40,,,,,4
2025-05-05,SYMALFUTBLYR-27,12.50,11.50,,,,110
2025-05-05,SYMALFUTBLYR-28,11.75,,,,,11
2025-05-05,SYMALFUTBLYR-29,10.30,7.50,,,,
2025-05-06,SYMALFUTBLQ1-26,15.88,15.50,16.25,,,4
2025-05-06,SYMALFUTBLYR-27,12.25,12.00,14.00,,,110
2025-05-06,SYMALFUTBLYR-28,11.75,11.00,,,,11
2025-05-06,SYMALFUTBLYR-29,10.30,7.50,,,,
2025-05-07,SYMALFUTBLQ1-26,15.88,,16.00,,,4
2025-05-07,SYMALFUTBLYR-27,12.25,11.50,14.00,,,118
2025-05-07,SYMALFUTBLYR-28,11.75,11.00,,,,11
2025-05-07,SYMALFUTBLYR-29,10.30,7.50,,,,
2025-05-08,SYMALFUTBLQ1-26,15.88,,,,,4
2025-05-08,SYMALFUTBLYR-27,12.25,12.00,13.75,,,118
2025-05-08,SYMALFUTBLYR-28,11.75,8.00,,,,11
2025-05-08,SYMALFUTBLYR-29,10.30,8.20,,,,
2025-05-09,SYMALFUTBLQ1-26,15.88,,,,,4
2025-05-09,SYMALFUTBLYR-27,12.75,12.00,13.50,,,118
2025-05-09,SYMALFUTBLYR-28,12.00,11.25,13.50,,,11
2025-05-09,SYMALFUTBLYR-29,10.30,9.75,,,,
2025-05-12,SYMALFUTBLQ1-26,15.88,,,,,4
2025-05-12,SYMALFUTBLYR-27,12.75,12.00,14.00,,,118
2025-05-12,SYMALFUTBLYR-28,12.00,9.00,,,,11
2025-05-12,SYMALFUTBLYR-29,10.30,8.05,,,,
2025-05-13,SYMALFUTBLQ1-26,15.88,,,,,4
2025-05-13,SYMALFUTBLYR-27,13.13,12.00,14.25,,,118
2025-05-13,SYMALFUTBLYR-28,12.00,,,,,11
2025-05-13,SYMALFUTBLYR-29,10.30,8.10,,,,
2025-05-14,SYMALFUTBLQ1-26,15.88,13.00,,,,4
2025-05-14,SYMALFUTBLYR-27,13.15,,13.75,,,118
2025-05-14,SYMALFUTBLYR-28,12.00,11.00,,,,11
2025-05-14,SYMALFUTBLYR-29,10.30,8.10,,,,
2025-05-15,SYMALFUTBLQ1-26,15.88,,,,,4
2025-05-15,SYMALFUTBLYR-27,13.15,,,,,119
2025-05-15,SYMALFUTBLYR-28,12.00,11.50,,,,11
2025-05-15,SYMALFUTBLYR-29,10.30,,,,,
2025-05-16,SYMALFUTBLQ1-26,15.88,,,,,4
2025-05-16,SYMALFUTBLYR-27,13.15,,,,,119
2025-05-16,SYMALFUTBLYR-28,12.00,,,,,11
2025-05-16,SYMALFUTBLYR-29,10.30,,,,,
2025-05-19,SYMALFUTBLQ1-26,15.88,,,,,4
2025-05-19,SYMALFUTBLYR-27,13.15,,,,,119
2025-05-19,SYMALFUTBLYR-28,12.00,,,,,11
2025-05-19,SYMALFUTBLYR-29,10.30,,,,,
2025-05-20,SYMALFUTBLQ1-26,15.50,14.00,17.00,,,4
2025-05-20,SYMALFUTBLYR-27,13.27,,,,,119
2025-05-20,SYMALFUTBLYR-28,12.00,,,,,11
2025-05-20,SYMALFUTBLYR-29,10.30,,,,,
2025-05-21,SYMALFUTBLQ1-26,15.50,14.00,17.00,,,4
2025-05-21,SYMALFUTBLYR-27,13.27,,,,,129
2025-05-21,SYMALFUTBLYR-28,12.00,,,,,11
2025-05-21,SYMALFUTBLYR-29,10.30,,,,,
2025-05-22,SYMALFUTBLQ1-26,15.70,15.00,,,,4
2025-05-22,SYMALFUTBLYR-27,13.27,,,,,129
2025-05-22,SYMALFUTBLYR-28,12.00,,,,,11
2025-05-22,SYMALFUTBLYR-29,10.30,10.00,,,,
2025-05-23,SYMALFUTBLQ1-26,15.70,15.30,,,,4
2025-05-23,SYMALFUTBLYR-27,13.27,,,,,129
2025-05-23,SYMALFUTBLYR-28,12.00,,,,,11
2025-05-23,SYMALFUTBLYR-29,10.30,,,,,
2025-05-26,SYMALFUTBLQ1-26,15.70,,,,,4
2025-05-26,SYMALFUTBLYR-27,13.27,,,,,129
2025-05-26,SYMALFUTBLYR-28,12.00,,,,,11
2025-05-26,SYMALFUTBLYR-29,10.30,,,,,
2025-05-27,SYMALFUTBLQ1-26,16.10,15.50,20.00,,,4
2025-05-27,SYMALFUTBLYR-27,13.27,,,,,129
2025-05-27,SYMALFUTBLYR-28,12.00,,,,,11
2025-05-27,SYMALFUTBLYR-29,10.30,,,,,
2025-05-28,SYMALFUTBLQ1-26,16.10,15.50,,,,4
2025-05-28,SYMALFUTBLYR-27,13.27,,,,,129
2025-05-28,SYMALFUTBLYR-28,12.00,,,,,11
2025-05-28,SYMALFUTBLYR-29,10.30,,,,,
2025-05-30,SYMALFUTBLQ1-26,16.10,,,,,4
2025-05-30,SYMALFUTBLYR-27,13.27,,,,,129
2025-05-30,SYMALFUTBLYR-28,12.00,,,,,11
2025-05-30,SYMALFUTBLYR-29,10.30,,,,,
2025-06-02,SYMALFUTBLQ1-26,16.10,,,,,4
2025-06-02,SYMALFUTBLYR-27,13.27,,,,,129
2025-06-02,SYMALFUTBLYR-28,12.00,,,,,11
2025-06-02,SYMALFUTBLYR-29,10.30,,,,,
2025-06-03,SYMALFUTBLQ1-26,16.10,15.50,,,,4
2025-06-03,SYMALFUTBLYR-27,13.30,,,,,129
2025-06-03,SYMALFUTBLYR-28,12.00,,,,,11
2025-06-03,SYMALFUTBLYR-29,10.30,,,,,
2025-06-04,SYMALFUTBLQ1-26,16.10,,,,,4
2025-06-04,SYMALFUTBLYR-27,13.30,,,,,137
2025-06-04,SYMALFUTBLYR-28,12.00,,,,,11
2025-06-04,SYMALFUTBLYR-29,10.30,,,,,
2025-06-05,SYMALFUTBLQ1-26,16.10,15.50,,,,4
2025-06-05,SYMALFUTBLYR-27,13.30,,,,,137
2025-06-05,SYMALFUTBLYR-28,12.00,,,,,11
2025-06-05,SYMALFUTBLYR-29,10.30,,,,,
2025-06-06,SYMALFUTBLQ1-26,16.10,,,,,4
2025-06-06,SYMALFUTBLYR-27,13.30,,,,,137
2025-06-06,SYMALFUTBLYR-28,12.00,,,,,11
2025-06-06,SYMALFUTBLYR-29,10.30,,,,,
2025-06-10,SYMALFUTBLQ1-26,16.10,15.50,,,,4
2025-06-10,SYMALFUTBLYR-27,13.30,,,,,137
2025-06-10,SYMALFUTBLYR-28,12.00,,,,,11
2025-06-10,SYMALFUTBLYR-29,10.30,,,,,
2025-06-11,SYMALFUTBLQ1-26,16.10,,,,,4
2025-06-11,SYMALFUTBLYR-27,13.30,,,,,137
2025-06-11,SYMALFUTBLYR-28,12.00,,,,,11
2025-06-11,SYMALFUTBLYR-29,10.30,,,,,
2025-06-12,SYMALFUTBLQ1-26,16.10,,,,,4
2025-06-12,SYMALFUTBLYR-27,13.30,,,,,137
2025-06-12,SYMALFUTBLYR-28,12.00,,,,,11
2025-06-12,SYMALFUTBLYR-29,10.30,,,,,
2025-06-13,SYMALFUTBLQ1-26,16.10,15.55,,,,4
2025-06-13,SYMALFUTBLYR-27,13.30,,,,,137
2025-06-13,SYMALFUTBLYR-28,12.00,,,,,11
2025-06-13,SYMALFUTBLYR-29,10.30,,,,,
2025-06-16,SYMALFUTBLQ1-26,16.10,,,,,4
2025-06-16,SYMALFUTBLYR-27,13.30,,,,,137
2025-06-16,SYMALFUTBLYR-28,12.00,,,,,11
2025-06-16,SYMALFUTBLYR-29,10.30,,,,,
2025-06-17,SYMALFUTBLQ1-26,16.10,15.55,,,,4
2025-06-17,SYMALFUTBLYR-27,13.66,,,,,137
2025-06-17,SYMALFUTBLYR-28,12.00,,,,,11
2025-06-17,SYMALFUTBLYR-29,10.30,,,,,
2025-06-18,SYMALFUTBLQ1-26,16.10,,,,,4
2025-06-18,SYMALFUTBLYR-27,13.66,12.00,,,,143
2025-06-18,SYMALFUTBLYR-28,12.00,,,,,11
2025-06-18,SYMALFUTBLYR-29,10.30,,,,,
2025-06-19,SYMALFUTBLQ1-26,16.10,,,,,4
2025-06-19,SYMALFUTBLYR-27,13.66,12.35,,,,143
2025-06-19,SYMALFUTBLYR-28,12.00,,,,,11
2025-06-19,SYMALFUTBLYR-29,10.30,,,,,
2025-06-20,SYMALFUTBLQ1-26,16.10,,,,,4
2025-06-20,SYMALFUTBLYR-27,13.66,,,,,143
2025-06-20,SYMALFUTBLYR-28,12.00,,,,,11
2025-06-20,SYMALFUTBLYR-29,10.30,,,,,
2025-06-23,SYMALFUTBLQ1-26,16.10,,,,,4
2025-06-23,SYMALFUTBLYR-27,13.66,12.10,,,,143
2025-06-23,SYMALFUTBLYR-28,12.00,,,,,11
2025-06-23,SYMALFUTBLYR-29,10.30,,,,,
2025-06-24,SYMALFUTBLQ1-26,16.10,,,,,4
2025-06-24,SYMALFUTBLYR-27,13.66,,,,,143
2025-06-24,SYMALFUTBLYR-28,12.00,,,,,11
2025-06-24,SYMALFUTBLYR-29,10.30,,,,,
2025-06-25,SYMALFUTBLQ1-26,16.10,,,,,4
2025-06-25,SYMALFUTBLYR-27,13.66,12.20,,,,143
2025-06-25,SYMALFUTBLYR-28,12.00,,,,,11
2025-06-25,SYMALFUTBLYR-29,10.30,,,,,
2025-06-26,SYMALFUTBLQ1-26,16.10,,,,,4
2025-06-26,SYMALFUTBLYR-27,13.66,,,,,143
2025-06-26,SYMALFUTBLYR-28,12.00,11.00,,,,11
2025-06-26,SYMALFUTBLYR-29,10.30,,,,,
2025-06-27,SYMALFUTBLQ1-26,16.50,,,,,4
2025-06-27,SYMALFUTBLYR-27,13.66,,,,,143
2025-06-27,SYMALFUTBLYR-28,12.00,,,,,11
2025-06-27,SYMALFUTBLYR-29,10.30,,,,,
2025-06-30,SYMALFUTBLQ1-26,16.50,,,,,20
2025-06-30,SYMALFUTBLYR-27,13.66,,,,,143
2025-06-30,SYMALFUTBLYR-28,12.00,,,,,11
2025-06-30,SYMALFUTBLYR-29,10.30,,,,,
2025-07-01,SYMALFUTBLQ1-26,16.50,12.30,22.70,,,20
2025-07-01,SYMALFUTBLQ2-26,12.50,9.00,16.00,,,
2025-07-01,SYMALFUTBLYR-27,13.66,13.50,16.25,,,143
2025-07-01,SYMALFUTBLYR-28,12.00,9.00,15.00,,,11
2025-07-01,SYMALFUTBLYR-29,10.30,9.00,13.30,,,
2025-07-02,SYMALFUTBLQ1-26,16.50,16.00,,,,23
2025-07-02,SYMALFUTBLQ2-26,14.50,12.50,18.00,,,
2025-07-02,SYMALFUTBLYR-27,13.66,,,,,143
2025-07-02,SYMALFUTBLYR-28,12.00,,,,,11
2025-07-02,SYMALFUTBLYR-29,10.30,,,,,
2025-07-03,SYMALFUTBLQ1-26,16.50,,,,,23
2025-07-03,SYMALFUTBLQ2-26,14.50,,,,,
2025-07-03,SYMALFUTBLYR-27,13.66,,,,,143
2025-07-03,SYMALFUTBLYR-28,12.00,,,,,11
2025-07-03,SYMALFUTBLYR-29,10.30,,,,,
2025-07-04,SYMALFUTBLQ1-26,16.50,,,,,23
2025-07-04,SYMALFUTBLQ2-26,14.50,,,,,
2025-07-04,SYMALFUTBLYR-27,14.00,13.75,16.25,,,143
2025-07-04,SYMALFUTBLYR-28,12.00,,,,,11
2025-07-04,SYMALFUTBLYR-29,10.30,,,,,
2025-07-07,SYMALFUTBLQ1-26,16.50,,,,,23
2025-07-07,SYMALFUTBLQ2-26,14.50,,,,,
2025-07-07,SYMALFUTBLYR-27,14.00,,,,,143
2025-07-07,SYMALFUTBLYR-28,12.00,,,,,11
2025-07-07,SYMALFUTBLYR-29,10.30,,,,,
2025-07-08,SYMALFUTBLQ1-26,16.50,,21.50,,,23
2025-07-08,SYMALFUTBLQ2-26,14.50,,,,,
2025-07-08,SYMALFUTBLYR-27,14.00,,,,,143
2025-07-08,SYMALFUTBLYR-28,12.00,,,,,11
2025-07-08,SYMALFUTBLYR-29,10.30,,,,,
2025-07-09,SYMALFUTBLQ1-26,16.50,,,,,23
2025-07-09,SYMALFUTBLQ2-26,14.50,,,,,
2025-07-09,SYMALFUTBLYR-27,14.00,,,,,143
2025-07-09,SYMALFUTBLYR-28,12.00,,,,,11
2025-07-09,SYMALFUTBLYR-29,10.30,,,,,
2025-07-10,SYMALFUTBLQ1-26,16.50,,21.50,,,23
2025-07-10,SYMALFUTBLQ2-26,14.50,,,,,
2025-07-10,SYMALFUTBLYR-27,14.00,,,,,143
2025-07-10,SYMALFUTBLYR-28,12.00,,,,,11
2025-07-10,SYMALFUTBLYR-29,10.30,,,,,
2025-07-11,SYMALFUTBLQ1-26,16.50,,21.50,,,23
2025-07-11,SYMALFUTBLQ2-26,14.50,,,,,
2025-07-11,SYMALFUTBLYR-27,14.00,,,,,143
2025-07-11,SYMALFUTBLYR-28,12.00,,,,,11
2025-07-11,SYMALFUTBLYR-29,10.30,,,,,
2025-07-14,SYMALFUTBLQ1-26,16.50,,,,,23
2025-07-14,SYMALFUTBLQ2-26,14.50,,,,,
2025-07-14,SYMALFUTBLYR-27,14.00,,,,,143
2025-07-14,SYMALFUTBLYR-28,12.00,,,,,11
2025-07-14,SYMALFUTBLYR-29,10.30,,,,,
2025-07-15,SYMALFUTBLQ1-26,16.50,,,,,23
2025-07-15,SYMALFUTBLQ2-26,14.50,,,,,
2025-07-15,SYMALFUTBLYR-27,14.00,,,,,143
2025-07-15,SYMALFUTBLYR-28,12.00,,,,,11
2025-07-15,SYMALFUTBLYR-29,10.30,,,,,
2025-07-16,SYMALFUTBLQ1-26,16.50,,,,,23
2025-07-16,SYMALFUTBLQ2-26,14.50,,,,,
2025-07-16,SYMALFUTBLYR-27,14.00,13.00,,,,143
2025-07-16,SYMALFUTBLYR-28,12.00,11.50,,,,11
2025-07-16,SYMALFUTBLYR-29,10.30,,,,,
2025-07-17,SYMALFUTBLQ1-26,16.50,,,,,23
2025-07-17,SYMALFUTBLQ2-26,14.50,,,,,
2025-07-17,SYMALFUTBLYR-27,14.00,13.00,,,,143
2025-07-17,SYMALFUTBLYR-28,12.00,11.50,,,,11
2025-07-17,SYMALFUTBLYR-29,10.30,,,,,
2025-07-18,SYMALFUTBLQ1-26,16.50,,,,,23
2025-07-18,SYMALFUTBLQ2-26,14.50,,,,,
2025-07-18,SYMALFUTBLYR-27,14.00,13.00,,,,143
2025-07-18,SYMALFUTBLYR-28,12.00,11.50,,,,11
2025-07-18,SYMALFUTBLYR-29,10.30,,,,,
2025-07-21,SYMALFUTBLQ1-26,16.50,,,,,23
2025-07-21,SYMALFUTBLQ2-26,14.50,,,,,
2025-07-21,SYMALFUTBLYR-27,14.00,,,,,143
2025-07-21,SYMALFUTBLYR-28,12.00,,,,,11
2025-07-21,SYMALFUTBLYR-29,10.30,,,,,
2025-07-22,SYMALFUTBLQ1-26,16.50,,,,,31
2025-07-22,SYMALFUTBLQ2-26,14.50,,,,,
2025-07-22,SYMALFUTBLYR-27,14.00,,,,,143
2025-07-22,SYMALFUTBLYR-28,12.00,,,,,11
2025-07-22,SYMALFUTBLYR-29,10.30,,,,,
2025-07-23,SYMALFUTBLQ1-26,16.50,,,,,31
2025-07-23,SYMALFUTBLQ2-26,14.50,,,,,
2025-07-23,SYMALFUTBLYR-27,14.00,,,,,143
2025-07-23,SYMALFUTBLYR-28,12.00,,,,,11
2025-07-23,SYMALFUTBLYR-29,10.30,,,,,
2025-07-24,SYMALFUTBLQ1-26,16.00,,,,,31
2025-07-24,SYMALFUTBLQ2-26,14.50,12.00,,,,
2025-07-24,SYMALFUTBLYR-27,14.00,,,,,143
2025-07-24,SYMALFUTBLYR-28,12.00,,,,,11
2025-07-24,SYMALFUTBLYR-29,10.30,,,,,
2025-07-25,SYMALFUTBLQ1-26,16.00,,,,,41
2025-07-25,SYMALFUTBLQ2-26,14.50,,,,,
2025-07-25,SYMALFUTBLYR-27,14.00,,,,,143
2025-07-25,SYMALFUTBLYR-28,12.00,,,,,11
2025-07-25,SYMALFUTBLYR-29,10.30,,,,,
2025-07-28,SYMALFUTBLQ1-26,16.00,,,,,45
2025-07-28,SYMALFUTBLQ2-26,14.50,,,,,
2025-07-28,SYMALFUTBLYR-27,14.00,,,,,143
2025-07-28,SYMALFUTBLYR-28,12.00,,,,,11
2025-07-28,SYMALFUTBLYR-29,10.30,,,,,
2025-07-29,SYMALFUTBLQ1-26,16.00,,,,,55
2025-07-29,SYMALFUTBLQ2-26,14.50,,,,,
2025-07-29,SYMALFUTBLYR-27,15.00,,,,,143
2025-07-29,SYMALFUTBLYR-28,12.00,,,,,11
2025-07-29,SYMALFUTBLYR-29,10.30,,,,,
2025-07-30,SYMALFUTBLQ1-26,16.00,15.00,,,,55
2025-07-30,SYMALFUTBLQ2-26,14.50,,,,,
2025-07-30,SYMALFUTBLYR-27,15.00,,,,,143
2025-07-30,SYMALFUTBLYR-28,12.00,11.50,,,,11
2025-07-30,SYMALFUTBLYR-29,10.30,,,,,
2025-07-31,SYMALFUTBLQ1-26,16.00,,,,,55
2025-07-31,SYMALFUTBLQ2-26,14.50,,,,,
2025-07-31,SYMALFUTBLYR-27,14.70,,,,,143
2025-07-31,SYMALFUTBLYR-28,12.00,,,,,11
2025-07-31,SYMALFUTBLYR-29,10.30,,,,,
2025-08-01,SYMALFUTBLQ1-26,16.00,,,,,55
2025-08-01,SYMALFUTBLQ2-26,14.50,,,,,
2025-08-01,SYMALFUTBLYR-27,14.70,,,,,143
2025-08-01,SYMALFUTBLYR-28,12.00,,,,,11
2025-08-01,SYMALFUTBLYR-29,10.30,,,,,
2025-08-04,SYMALFUTBLQ1-26,16.00,,,,,55
2025-08-04,SYMALFUTBLQ2-26,14.50,,,,,
2025-08-04,SYMALFUTBLYR-27,14.70,,,,,143
2025-08-04,SYMALFUTBLYR-28,12.00,,,,,11
2025-08-04,SYMALFUTBLYR-29,10.30,,,,,
2025-08-05,SYMALFUTBLQ1-26,16.00,,,,,55
2025-08-05,SYMALFUTBLQ2-26,14.50,,,,,
2025-08-05,SYMALFUTBLYR-27,14.70,,,,,143
2025-08-05,SYMALFUTBLYR-28,12.00,,,,,11
2025-08-05,SYMALFUTBLYR-29,10.30,,,,,
2025-08-06,SYMALFUTBLQ1-26,16.00,,,,,55
2025-08-06,SYMALFUTBLQ2-26,14.50,,,,,
2025-08-06,SYMALFUTBLYR-27,14.70,,,,,143
2025-08-06,SYMALFUTBLYR-28,12.00,11.50,,,,11
2025-08-06,SYMALFUTBLYR-29,10.30,10.00,,,,
2025-08-07,SYMALFUTBLQ1-26,16.00,,,,,55
2025-08-07,SYMALFUTBLQ2-26,14.50,,,,,
2025-08-07,SYMALFUTBLYR-27,15.00,,,,,143
2025-08-07,SYMALFUTBLYR-28,12.00,11.50,,,,11
2025-08-07,SYMALFUTBLYR-29,10.30,,,,,
2025-08-08,SYMALFUTBLQ1-26,16.00,14.50,18.50,,,55
2025-08-08,SYMALFUTBLQ2-26,14.50,,,,,
2025-08-08,SYMALFUTBLYR-27,15.00,,,,,142
2025-08-08,SYMALFUTBLYR-28,12.00,,,,,11
2025-08-08,SYMALFUTBLYR-29,10.30,,,,,
2025-08-11,SYMALFUTBLQ1-26,16.00,,,,,55
2025-08-11,SYMALFUTBLQ2-26,14.50,,,,,
2025-08-11,SYMALFUTBLYR-27,15.00,,,,,142
2025-08-11,SYMALFUTBLYR-28,12.00,,,,,11
2025-08-11,SYMALFUTBLYR-29,10.30,,,,,
2025-08-12,SYMALFUTBLQ1-26,15.82,15.00,17.25,,,55
2025-08-12,SYMALFUTBLQ2-26,14.50,,,,,
2025-08-12,SYMALFUTBLYR-27,14.77,,17.00,,,142
2025-08-12,SYMALFUTBLYR-28,12.00,11.50,,,,11
2025-08-12,SYMALFUTBLYR-29,10.30,,,,,
2025-08-13,SYMALFUTBLQ1-26,15.82,,,,,85
2025-08-13,SYMALFUTBLQ2-26,14.50,,,,,
2025-08-13,SYMALFUTBLYR-27,14.77,,,,,152
2025-08-13,SYMALFUTBLYR-28,12.00,,,,,11
2025-08-13,SYMALFUTBLYR-29,10.30,,,,,
2025-08-14,SYMALFUTBLQ1-26,15.41,15.00,15.82,,,85
2025-08-14,SYMALFUTBLQ2-26,14.50,,,,,
2025-08-14,SYMALFUTBLYR-27,14.77,,,,,152
2025-08-14,SYMALFUTBLYR-28,12.00,,,,,11
2025-08-14,SYMALFUTBLYR-29,10.30,,,,,
2025-08-15,SYMALFUTBLQ1-26,15.41,,,,,85
2025-08-15,SYMALFUTBLQ2-26,14.50,,,,,
2025-08-15,SYMALFUTBLYR-27,14.77,,,,,152
2025-08-15,SYMALFUTBLYR-28,12.00,,,,,11
2025-08-15,SYMALFUTBLYR-29,10.30,,,,,
2025-08-18,SYMALFUTBLQ1-26,15.41,,,,,85
2025-08-18,SYMALFUTBLQ2-26,14.50,,,,,
2025-08-18,SYMALFUTBLYR-27,14.77,,,,,152
2025-08-18,SYMALFUTBLYR-28,12.00,,,,,11
2025-08-18,SYMALFUTBLYR-29,10.30,,,,,
2025-08-19,SYMALFUTBLQ1-26,15.00,15.00,19.50,,,85
2025-08-19,SYMALFUTBLQ2-26,15.50,,,,,
2025-08-19,SYMALFUTBLYR-27,14.77,,,,,152
2025-08-19,SYMALFUTBLYR-28,12.00,,,,,11
2025-08-19,SYMALFUTBLYR-29,10.30,,,,,
2025-08-20,SYMALFUTBLQ1-26,15.00,,19.50,,,90
2025-08-20,SYMALFUTBLQ2-26,15.50,,,,,7
2025-08-20,SYMALFUTBLYR-27,14.77,,,,,152
2025-08-20,SYMALFUTBLYR-28,12.00,11.50,,,,11
2025-08-20,SYMALFUTBLYR-29,10.30,,,,,
2025-08-21,SYMALFUTBLQ1-26,15.00,,,,,90
2025-08-21,SYMALFUTBLQ2-26,15.50,,,,,7
2025-08-21,SYMALFUTBLYR-27,14.77,,,,,152
2025-08-21,SYMALFUTBLYR-28,12.00,,,,,11
2025-08-21,SYMALFUTBLYR-29,10.30,,,,,
2025-08-22,SYMALFUTBLQ1-26,15.00,,,,,90
2025-08-22,SYMALFUTBLQ2-26,15.50,,,,,7
2025-08-22,SYMALFUTBLYR-27,14.77,,,,,152
2025-08-22,SYMALFUTBLYR-28,12.00,,,,,11
2025-08-22,SYMALFUTBLYR-29,10.30,,,,,
2025-08-25,SYMALFUTBLQ1-26,15.00,,,,,90
2025-08-25,SYMALFUTBLQ2-26,15.50,,,,,7
2025-08-25,SYMALFUTBLYR-27,14.77,,,,,152
2025-08-25,SYMALFUTBLYR-28,12.00,11.80,,,,11
2025-08-25,SYMALFUTBLYR-29,10.30,,,,,
2025-08-26,SYMALFUTBLQ1-26,14.50,13.50,14.50,,,90
2025-08-26,SYMALFUTBLQ2-26,15.50,,,,,7
2025-08-26,SYMALFUTBLYR-27,14.75,,,,,152
2025-08-26,SYMALFUTBLYR-28,12.00,,,,,11
2025-08-26,SYMALFUTBLYR-29,10.30,,,,,
2025-08-27,SYMALFUTBLQ1-26,14.00,,,,,113
2025-08-27,SYMALFUTBLQ2-26,15.50,,,,,7
2025-08-27,SYMALFUTBLYR-27,14.75,,,,,159
2025-08-27,SYMALFUTBLYR-28,12.00,,,,,11
2025-08-27,SYMALFUTBLYR-29,10.30,,,,,
2025-08-28,SYMALFUTBLQ1-26,13.95,,14.25,13.95,13.95,115
2025-08-28,SYMALFUTBLQ2-26,15.50,,,,,7
2025-08-28,SYMALFUTBLYR-27,14.75,,,,,159
2025-08-28,SYMALFUTBLYR-28,12.00,,,,,11
2025-08-28,SYMALFUTBLYR-29,10.30,,,,,
2025-08-29,SYMALFUTBLQ1-26,13.95,,14.50,,,123
2025-08-29,SYMALFUTBLQ2-26,15.50,,,,,7
2025-08-29,SYMALFUTBLYR-27,14.43,14.00,14.90,,,159
2025-08-29,SYMALFUTBLYR-28,12.00,11.50,,,,11
2025-08-29,SYMALFUTBLYR-29,10.30,10.00,,,,
2025-09-01,SYMALFUTBLQ1-26,13.95,,,,,123
2025-09-01,SYMALFUTBLQ2-26,15.50,,,,,7
2025-09-01,SYMALFUTBLYR-27,14.43,,,,,159
2025-09-01,SYMALFUTBLYR-28,12.00,,,,,11
2025-09-01,SYMALFUTBLYR-29,10.30,,,,,
2025-09-02,SYMALFUTBLQ1-26,13.75,13.40,14.10,,,123
2025-09-02,SYMALFUTBLQ2-26,15.75,,,,,7
2025-09-02,SYMALFUTBLYR-27,14.10,13.50,14.70,,,159
2025-09-02,SYMALFUTBLYR-28,12.00,11.75,,,,11
2025-09-02,SYMALFUTBLYR-29,10.30,,,,,
2025-09-03,SYMALFUTBLQ1-26,13.80,13.25,14.35,,,123
2025-09-03,SYMALFUTBLQ2-26,15.75,,,,,7
2025-09-03,SYMALFUTBLYR-27,14.10,,,,,159
2025-09-03,SYMALFUTBLYR-28,12.00,,,,,11
2025-09-03,SYMALFUTBLYR-29,10.30,,,,,
2025-09-04,SYMALFUTBLQ1-26,13.80,,,,,123
2025-09-04,SYMALFUTBLQ2-26,15.75,,,,,7
2025-09-04,SYMALFUTBLYR-27,14.10,,,,,159
2025-09-04,SYMALFUTBLYR-28,12.00,,,,,11
2025-09-04,SYMALFUTBLYR-29,10.30,,,,,
2025-09-05,SYMALFUTBLQ1-26,13.80,,14.50,,,128
2025-09-05,SYMALFUTBLQ2-26,15.75,,,,,7
2025-09-05,SYMALFUTBLYR-27,14.10,,,,,159
2025-09-05,SYMALFUTBLYR-28,12.00,,,,,11
2025-09-05,SYMALFUTBLYR-29,10.30,,,,,
2025-09-08,SYMALFUTBLQ1-26,13.80,,,,,128
2025-09-08,SYMALFUTBLQ2-26,15.75,,,,,7
2025-09-08,SYMALFUTBLYR-27,14.10,,,,,159
2025-09-08,SYMALFUTBLYR-28,12.00,,,,,11
2025-09-08,SYMALFUTBLYR-29,10.30,,,,,
2025-09-09,SYMALFUTBLQ1-26,14.20,,,,,128
2025-09-09,SYMALFUTBLQ2-26,16.00,,,,,7
2025-09-09,SYMALFUTBLYR-27,14.23,,,,,159
2025-09-09,SYMALFUTBLYR-28,12.00,,,,,11
2025-09-09,SYMALFUTBLYR-29,10.30,,,,,
2025-09-10,SYMALFUTBLQ1-26,14.20,,,,,142
2025-09-10,SYMALFUTBLQ2-26,16.00,,,,,7
2025-09-10,SYMALFUTBLYR-27,14.23,,,,,169
2025-09-10,SYMALFUTBLYR-28,12.00,,,,,11
2025-09-10,SYMALFUTBLYR-29,10.30,,,,,
2025-09-11,SYMALFUTBLQ1-26,14.20,,15.00,,,142
2025-09-11,SYMALFUTBLQ2-26,16.00,,,,,7
2025-09-11,SYMALFUTBLYR-27,14.23,,,,,169
2025-09-11,SYMALFUTBLYR-28,12.00,,,,,11
2025-09-11,SYMALFUTBLYR-29,10.30,,,,,
2025-09-12,SYMALFUTBLQ1-26,14.20,,19.00,,,142
2025-09-12,SYMALFUTBLQ2-26,16.00,,,,,7
2025-09-12,SYMALFUTBLYR-27,14.23,,,,,169
2025-09-12,SYMALFUTBLYR-28,12.00,,,,,11
2025-09-12,SYMALFUTBLYR-29,10.30,,,,,
2025-09-15,SYMALFUTBLQ1-26,14.20,,14.60,,,142
2025-09-15,SYMALFUTBLQ2-26,16.00,,,,,7
2025-09-15,SYMALFUTBLYR-27,14.23,,,,,169
2025-09-15,SYMALFUTBLYR-28,12.00,,,,,11
2025-09-15,SYMALFUTBLYR-29,10.30,,,,,
2025-09-16,SYMALFUTBLQ1-26,14.20,,15.00,,,142
2025-09-16,SYMALFUTBLQ2-26,16.00,,,,,7
2025-09-16,SYMALFUTBLYR-27,14.23,,,,,169
2025-09-16,SYMALFUTBLYR-28,12.00,,,,,11
2025-09-16,SYMALFUTBLYR-29,10.30,,,,,
2025-09-17,SYMALFUTBLQ1-26,14.20,,15.00,,,142
2025-09-17,SYMALFUTBLQ2-26,16.00,,,,,7
2025-09-17,SYMALFUTBLYR-27,14.23,,15.00,,,169
2025-09-17,SYMALFUTBLYR-28,12.00,11.75,,,,11
2025-09-17,SYMALFUTBLYR-29,10.30,,,,,
2025-09-18,SYMALFUTBLQ1-26,14.20,,14.95,,,142
2025-09-18,SYMALFUTBLQ2-26,16.00,,,,,7
2025-09-18,SYMALFUTBLYR-27,14.23,,,,,169
2025-09-18,SYMALFUTBLYR-28,12.00,,,,,11
2025-09-18,SYMALFUTBLYR-29,10.30,,,,,
2025-09-19,SYMALFUTBLQ1-26,14.20,,15.00,,,142
2025-09-19,SYMALFUTBLQ2-26,16.00,,,,,7
2025-09-19,SYMALFUTBLYR-27,14.23,13.50,15.00,,,169
2025-09-19,SYMALFUTBLYR-28,12.00,11.75,,,,11
2025-09-19,SYMALFUTBLYR-29,10.30,,,,,
2025-09-22,SYMALFUTBLQ1-26,14.20,,,,,142
2025-09-22,SYMALFUTBLQ2-26,16.00,,,,,7
2025-09-22,SYMALFUTBLYR-27,14.23,,,,,169
2025-09-22,SYMALFUTBLYR-28,12.00,,,,,11
2025-09-22,SYMALFUTBLYR-29,10.30,,,,,
2025-09-23,SYMALFUTBLQ1-26,14.33,13.75,14.35,,,142
2025-09-23,SYMALFUTBLQ2-26,16.00,,,,,7
2025-09-23,SYMALFUTBLYR-27,14.55,,15.25,,,169
2025-09-23,SYMALFUTBLYR-28,12.00,,,,,11
2025-09-23,SYMALFUTBLYR-29,10.30,,,,,
2025-09-24,SYMALFUTBLQ1-26,14.33,,15.00,,,181
2025-09-24,SYMALFUTBLQ2-26,16.00,,,,,7
2025-09-24,SYMALFUTBLYR-27,14.55,,,,,181
2025-09-24,SYMALFUTBLYR-28,12.00,,,,,11
2025-09-24,SYMALFUTBLYR-29,10.30,,,,,
2025-09-25,SYMALFUTBLQ1-26,14.33,,15.00,,,181
2025-09-25,SYMALFUTBLQ2-26,16.00,,,,,7
2025-09-25,SYMALFUTBLYR-27,14.55,,,,,181
2025-09-25,SYMALFUTBLYR-28,12.00,,,,,11
2025-09-25,SYMALFUTBLYR-29,10.30,,,,,
2025-09-26,SYMALFUTBLQ1-26,14.33,,,,,181
2025-09-26,SYMALFUTBLQ2-26,16.00,,,,,7
2025-09-26,SYMALFUTBLYR-27,14.55,,,,,181
2025-09-26,SYMALFUTBLYR-28,12.00,,,,,11
2025-09-26,SYMALFUTBLYR-29,10.30,,,,,
2025-09-29,SYMALFUTBLQ1-26,14.33,,,,,181
2025-09-29,SYMALFUTBLQ2-26,16.00,,,,,7
2025-09-29,SYMALFUTBLYR-27,14.55,,,,,181
2025-09-29,SYMALFUTBLYR-28,12.00,,,,,11
2025-09-29,SYMALFUTBLYR-29,10.30,,,,,
2025-09-30,SYMALFUTBLQ1-26,14.33,,14.85,,,181
2025-09-30,SYMALFUTBLQ2-26,16.00,,,,,7
2025-09-30,SYMALFUTBLYR-27,14.55,,,,,181
2025-09-30,SYMALFUTBLYR-28,12.00,,,,,11
2025-09-30,SYMALFUTBLYR-29,10.30,,,,,
2025-10-01,SYMALFUTBLQ1-26,14.33,,,,,184
2025-10-01,SYMALFUTBLQ2-26,16.00,,,,,7
2025-10-01,SYMALFUTBLQ3-26,16.50,,,,,
2025-10-01,SYMALFUTBLYR-27,14.75,,,,,181
2025-10-01,SYMALFUTBLYR-28,12.00,,,,,11
2025-10-01,SYMALFUTBLYR-29,10.30,,,,,
2025-10-02,SYMALFUTBLQ1-26,14.75,13.50,18.00,,,184
2025-10-02,SYMALFUTBLQ2-26,16.00,,,,,7
2025-10-02,SYMALFUTBLQ3-26,16.50,16.00,,,,
2025-10-02,SYMALFUTBLYR-27,14.75,14.50,,,,184
2025-10-02,SYMALFUTBLYR-28,12.00,11.75,,,,11
2025-10-02,SYMALFUTBLYR-29,10.30,,,,,
2025-10-03,SYMALFUTBLQ1-26,15.25,14.00,16.50,,,184
2025-10-03,SYMALFUTBLQ2-26,16.00,,,,,7
2025-10-03,SYMALFUTBLQ3-26,16.50,,,,,
2025-10-03,SYMALFUTBLYR-27,14.75,,,,,184
2025-10-03,SYMALFUTBLYR-28,12.00,,,,,11
2025-10-03,SYMALFUTBLYR-29,10.30,,,,,
2025-10-06,SYMALFUTBLQ1-26,14.58,14.00,15.15,,,184
2025-10-06,SYMALFUTBLQ2-26,16.00,,,,,7
2025-10-06,SYMALFUTBLQ3-26,16.50,,,,,
2025-10-06,SYMALFUTBLYR-27,14.75,,,,,184
2025-10-06,SYMALFUTBLYR-28,12.75,12.50,,,,11
2025-10-06,SYMALFUTBLYR-29,10.30,,,,,
2025-10-07,SYMALFUTBLQ1-26,14.65,14.25,,14.65,14.65,184
2025-10-07,SYMALFUTBLQ2-26,16.50,,,,,7
2025-10-07,SYMALFUTBLQ3-26,17.50,17.30,,,,
2025-10-07,SYMALFUTBLYR-27,14.96,,,,,184
2025-10-07,SYMALFUTBLYR-28,12.75,,,,,11
2025-10-07,SYMALFUTBLYR-29,10.30,,,,,
2025-10-08,SYMALFUTBLQ1-26,14.65,,18.00,,,215
2025-10-08,SYMALFUTBLQ2-26,16.50,,,,,27
2025-10-08,SYMALFUTBLQ3-26,17.50,,,,,
2025-10-08,SYMALFUTBLYR-27,14.96,,,,,194
2025-10-08,SYMALFUTBLYR-28,12.75,,,,,11
2025-10-08,SYMALFUTBLYR-29,10.30,,,,,
2025-10-09,SYMALFUTBLQ1-26,14.75,,,,,215
2025-10-09,SYMALFUTBLQ2-26,16.50,15.00,,,,27
2025-10-09,SYMALFUTBLQ3-26,17.50,,,,,
2025-10-09,SYMALFUTBLYR-27,14.96,,,,,194
2025-10-09,SYMALFUTBLYR-28,12.75,,,,,11
2025-10-09,SYMALFUTBLYR-29,10.30,,,,,
2025-10-10,SYMALFUTBLQ1-26,14.75,,18.00,,,215
2025-10-10,SYMALFUTBLQ2-26,16.50,,,,,27
2025-10-10,SYMALFUTBLQ3-26,17.50,,,,,
2025-10-10,SYMALFUTBLYR-27,14.96,,,,,194
2025-10-10,SYMALFUTBLYR-28,12.75,,,,,11
2025-10-10,SYMALFUTBLYR-29,10.30,,,,,
2025-10-13,SYMALFUTBLQ1-26,14.75,,18.00,,,215
2025-10-13,SYMALFUTBLQ2-26,16.50,,,,,27
2025-10-13,SYMALFUTBLQ3-26,17.50,,,,,
2025-10-13,SYMALFUTBLYR-27,14.96,,,,,194
2025-10-13,SYMALFUTBLYR-28,13.25,13.00,,,,11
2025-10-13,SYMALFUTBLYR-29,10.30,,,,,
2025-10-14,SYMALFUTBLQ1-26,14.75,,,,,215
2025-10-14,SYMALFUTBLQ2-26,16.50,,,,,27
2025-10-14,SYMALFUTBLQ3-26,17.50,,,,,
2025-10-14,SYMALFUTBLYR-27,14.96,14.00,,,,194
2025-10-14,SYMALFUTBLYR-28,13.25,12.00,,,,11
2025-10-14,SYMALFUTBLYR-29,10.30,9.80,,,,
2025-10-15,SYMALFUTBLQ1-26,14.75,,18.00,,,215
2025-10-15,SYMALFUTBLQ2-26,16.50,,,,,27
2025-10-15,SYMALFUTBLQ3-26,17.50,,,,,
2025-10-15,SYMALFUTBLYR-27,14.96,,,,,194
2025-10-15,SYMALFUTBLYR-28,13.25,,,,,11
2025-10-15,SYMALFUTBLYR-29,10.30,,,,,
2025-10-16,SYMALFUTBLQ1-26,14.75,,,,,215
2025-10-16,SYMALFUTBLQ2-26,16.50,,,,,27
2025-10-16,SYMALFUTBLQ3-26,17.50,,,,,
2025-10-16,SYMALFUTBLYR-27,14.96,,,,,194
2025-10-16,SYMALFUTBLYR-28,12.75,,,,,11
2025-10-16,SYMALFUTBLYR-29,10.30,,,,,
2025-10-17,SYMALFUTBLQ1-26,14.75,,,,,215
2025-10-17,SYMALFUTBLQ2-26,16.50,,,,,27
2025-10-17,SYMALFUTBLQ3-26,17.50,,,,,
2025-10-17,SYMALFUTBLYR-27,14.96,,,,,194
2025-10-17,SYMALFUTBLYR-28,12.75,,,,,11
2025-10-17,SYMALFUTBLYR-29,10.30,,,,,
2025-10-20,SYMALFUTBLQ1-26,14.75,,,,,215
2025-10-20,SYMALFUTBLQ2-26,16.50,,,,,27
2025-10-20,SYMALFUTBLQ3-26,17.50,,,,,
2025-10-20,SYMALFUTBLYR-27,15.00,,,,,194
2025-10-20,SYMALFUTBLYR-28,12.75,,,,,11
2025-10-20,SYMALFUTBLYR-29,10.30,,,,,
2025-10-21,SYMALFUTBLQ1-26,14.75,,,,,215
2025-10-21,SYMALFUTBLQ2-26,16.50,16.50,17.20,,,27
2025-10-21,SYMALFUTBLQ3-26,17.50,,,,,
2025-10-21,SYMALFUTBLYR-27,14.95,,,,,194
2025-10-21,SYMALFUTBLYR-28,12.75,12.50,,,,11
2025-10-21,SYMALFUTBLYR-29,10.30,,,,,
2025-10-22,SYMALFUTBLQ1-26,14.75,,,,,244
2025-10-22,SYMALFUTBLQ2-26,16.50,,,,,47
2025-10-22,SYMALFUTBLQ3-26,17.50,,,,,
2025-10-22,SYMALFUTBLYR-27,14.95,,,,,204
2025-10-22,SYMALFUTBLYR-28,13.00,12.25,,,,11
2025-10-22,SYMALFUTBLYR-29,10.30,,,,,
2025-10-23,SYMALFUTBLQ1-26,15.00,14.00,18.00,,,239
2025-10-23,SYMALFUTBLQ2-26,16.50,,,,,47
2025-10-23,SYMALFUTBLQ3-26,17.50,,,,,
2025-10-23,SYMALFUTBLYR-27,14.95,,,,,204
2025-10-23,SYMALFUTBLYR-28,13.25,13.00,,,,11
2025-10-23,SYMALFUTBLYR-29,10.30,,,,,
2025-10-24,SYMALFUTBLQ1-26,15.00,,,,,239
2025-10-24,SYMALFUTBLQ2-26,16.50,,,,,47
2025-10-24,SYMALFUTBLQ3-26,17.50,,,,,
2025-10-24,SYMALFUTBLYR-27,14.95,,,,,204
2025-10-24,SYMALFUTBLYR-28,13.25,,,,,11
2025-10-24,SYMALFUTBLYR-29,10.30,,,,,
2025-10-27,SYMALFUTBLQ1-26,15.00,13.75,17.00,,,239
2025-10-27,SYMALFUTBLQ2-26,16.50,,,,,47
2025-10-27,SYMALFUTBLQ3-26,17.50,,,,,
2025-10-27,SYMALFUTBLYR-27,14.95,,,,,204
2025-10-27,SYMALFUTBLYR-28,13.25,,,,,11
2025-10-27,SYMALFUTBLYR-29,10.30,,,,,
2025-10-28,SYMALFUTBLQ1-26,15.00,13.75,17.00,,,239
2025-10-28,SYMALFUTBLQ2-26,16.50,,,,,47
2025-10-28,SYMALFUTBLQ3-26,17.50,,,,,
2025-10-28,SYMALFUTBLYR-27,14.95,,,,,204
2025-10-28,SYMALFUTBLYR-28,13.25,,,,,11
2025-10-28,SYMALFUTBLYR-29,10.30,,,,,
2025-10-29,SYMALFUTBLQ1-26,15.00,13.75,16.95,,,239
2025-10-29,SYMALFUTBLQ2-26,16.50,,,,,47
2025-10-29,SYMALFUTBLQ3-26,17.25,17.00,21.00,16.80,16.80,
2025-10-29,SYMALFUTBLYR-27,14.95,,,,,204
2025-10-29,SYMALFUTBLYR-28,13.25,12.80,,,,11
2025-10-29,SYMALFUTBLYR-29,10.30,,,,,
2025-10-30,SYMALFUTBLQ1-26,15.35,13.75,16.95,,,239
2025-10-30,SYMALFUTBLQ2-26,16.50,16.00,,,,47
2025-10-30,SYMALFUTBLQ3-26,17.25,17.00,,,,1
2025-10-30,SYMALFUTBLYR-27,14.95,14.25,,,,204
2025-10-30,SYMALFUTBLYR-28,13.25,13.00,,,,11
2025-10-30,SYMALFUTBLYR-29,10.30,,,,,
2025-10-31,SYMALFUTBLQ1-26,15.35,,16.95,,,239
2025-10-31,SYMALFUTBLQ2-26,16.50,,,,,47
2025-10-31,SYMALFUTBLQ3-26,17.25,17.15,,,,1
2025-10-31,SYMALFUTBLYR-27,14.95,,,,,204
2025-10-31,SYMALFUTBLYR-28,13.25,,,,,11
2025-10-31,SYMALFUTBLYR-29,10.75,,,,,
2025-11-03,SYMALFUTBLQ1-26,15.35,,15.75,,,239
2025-11-03,SYMALFUTBLQ2-26,16.50,,,,,47
2025-11-03,SYMALFUTBLQ3-26,17.25,,,,,1
2025-11-03,SYMALFUTBLYR-27,14.95,,,,,204
2025-11-03,SYMALFUTBLYR-28,13.25,,,,,11
2025-11-03,SYMALFUTBLYR-29,10.75,,,,,
2025-11-04,SYMALFUTBLQ1-26,14.55,,,,,239
2025-11-04,SYMALFUTBLQ2-26,16.21,16.00,,,,47
2025-11-04,SYMALFUTBLQ3-26,17.25,,,,,1
2025-11-04,SYMALFUTBLYR-27,14.95,,,,,204
2025-11-04,SYMALFUTBLYR-28,13.25,,,,,11
2025-11-04,SYMALFUTBLYR-29,10.75,,,,,
2025-11-05,SYMALFUTBLQ1-26,14.55,,,,,265
2025-11-05,SYMALFUTBLQ2-26,16.21,15.60,,,,66
2025-11-05,SYMALFUTBLQ3-26,17.85,16.00,,,,1
2025-11-05,SYMALFUTBLYR-27,14.95,,,,,214
2025-11-05,SYMALFUTBLYR-28,13.25,,,,,11
2025-11-05,SYMALFUTBLYR-29,10.75,,,,,
2025-11-06,SYMALFUTBLQ1-26,14.55,,,,,265
2025-11-06,SYMALFUTBLQ2-26,17.00,16.00,18.00,,,66
2025-11-06,SYMALFUTBLQ3-26,17.50,17.00,18.00,,,9
2025-11-06,SYMALFUTBLYR-27,14.95,,,,,217
2025-11-06,SYMALFUTBLYR-28,13.25,,,,,11
2025-11-06,SYMALFUTBLYR-29,10.75,,,,,
2025-11-07,SYMALFUTBLQ1-26,14.55,,,,,265
2025-11-07,SYMALFUTBLQ2-26,17.00,16.15,,,,66
2025-11-07,SYMALFUTBLQ3-26,17.38,16.50,18.25,,,9
2025-11-07,SYMALFUTBLYR-27,14.95,,,,,217
2025-11-07,SYMALFUTBLYR-28,13.25,,,,,11
2025-11-07,SYMALFUTBLYR-29,10.75,,,,,
2025-11-10,SYMALFUTBLQ1-26,14.55,,,,,280
2025-11-10,SYMALFUTBLQ2-26,17.00,16.00,,,,66
2025-11-10,SYMALFUTBLQ3-26,17.50,16.50,18.50,,,9
2025-11-10,SYMALFUTBLYR-27,14.95,,,,,217
2025-11-10,SYMALFUTBLYR-28,13.25,,,,,11
2025-11-10,SYMALFUTBLYR-29,10.75,,,,,
2025-11-11,SYMALFUTBLQ1-26,14.50,10.00,16.50,,,280
2025-11-11,SYMALFUTBLQ2-26,17.00,,,,,66
2025-11-11,SYMALFUTBLQ3-26,17.50,,,,,9
2025-11-11,SYMALFUTBLYR-27,14.95,,15.75,,,217
2025-11-11,SYMALFUTBLYR-28,13.25,,14.85,,,11
2025-11-11,SYMALFUTBLYR-29,10.75,,,,,
2025-11-12,SYMALFUTBLQ1-26,14.50,,15.75,,,280
2025-11-12,SYMALFUTBLQ2-26,17.00,,,,,66
2025-11-12,SYMALFUTBLQ3-26,17.50,,,,,9
2025-11-12,SYMALFUTBLYR-27,14.95,,,,,217
2025-11-12,SYMALFUTBLYR-28,13.25,,,,,11
2025-11-12,SYMALFUTBLYR-29,10.75,,,,,
2025-11-13,SYMALFUTBLQ1-26,14.50,13.55,,,,280
2025-11-13,SYMALFUTBLQ2-26,17.00,,,,,66
2025-11-13,SYMALFUTBLQ3-26,17.00,16.00,18.00,,,9
2025-11-13,SYMALFUTBLYR-27,14.95,,,,,217
2025-11-13,SYMALFUTBLYR-28,13.25,13.00,,,,11
2025-11-13,SYMALFUTBLYR-29,10.75,10.50,,,,
2025-11-14,SYMALFUTBLQ1-26,14.50,7.50,19.20,,,280
2025-11-14,SYMALFUTBLQ2-26,17.00,,,,,66
2025-11-14,SYMALFUTBLQ3-26,17.00,,,,,9
2025-11-14,SYMALFUTBLYR-27,14.95,,,,,217
2025-11-14,SYMALFUTBLYR-28,13.25,,,,,11
2025-11-14,SYMALFUTBLYR-29,10.75,,,,,
2025-11-17,SYMALFUTBLQ1-26,14.50,,,,,280
2025-11-17,SYMALFUTBLQ2-26,17.00,,,,,66
2025-11-17,SYMALFUTBLQ3-26,17.00,,,,,9
2025-11-17,SYMALFUTBLYR-27,14.95,,,,,217
2025-11-17,SYMALFUTBLYR-28,13.25,,,,,11
2025-11-17,SYMALFUTBLYR-29,10.75,,,,,
2025-11-18,SYMALFUTBLQ1-26,12.27,10.00,14.00,,,280
2025-11-18,SYMALFUTBLQ2-26,15.75,,,,,66
2025-11-18,SYMALFUTBLQ3-26,17.00,15.50,20.00,,,9
2025-11-18,SYMALFUTBLYR-27,14.90,,,,,217
2025-11-18,SYMALFUTBLYR-28,13.25,12.00,,,,11
2025-11-18,SYMALFUTBLYR-29,10.75,,,,,
2025-11-19,SYMALFUTBLQ1-26,12.27,,13.50,,,310
2025-11-19,SYMALFUTBLQ2-26,15.75,,,,,86
2025-11-19,SYMALFUTBLQ3-26,17.00,16.30,,,,9
2025-11-19,SYMALFUTBLYR-27,14.90,13.75,,,,227
2025-11-19,SYMALFUTBLYR-28,13.25,12.60,,,,11
2025-11-19,SYMALFUTBLYR-29,10.75,,,,,
2025-11-20,SYMALFUTBLQ1-26,11.88,9.50,14.25,,,310
2025-11-20,SYMALFUTBLQ2-26,15.75,,,,,86
2025-11-20,SYMALFUTBLQ3-26,17.00,,,,,9
2025-11-20,SYMALFUTBLYR-27,14.90,,,,,227
2025-11-20,SYMALFUTBLYR-28,13.25,,,,,11
2025-11-20,SYMALFUTBLYR-29,10.75,,,,,
2025-11-21,SYMALFUTBLQ1-26,11.50,,13.50,,,310
2025-11-21,SYMALFUTBLQ2-26,16.25,15.50,17.00,,,86
2025-11-21,SYMALFUTBLQ3-26,17.00,,,,,9
2025-11-21,SYMALFUTBLYR-27,14.75,14.25,,,,227
2025-11-21,SYMALFUTBLYR-28,13.25,,,,,11
2025-11-21,SYMALFUTBLYR-29,10.75,,,,,
2025-11-24,SYMALFUTBLQ1-26,11.50,,,,,312
2025-11-24,SYMALFUTBLQ2-26,16.25,,,,,86
2025-11-24,SYMALFUTBLQ3-26,17.00,,,,,9
2025-11-24,SYMALFUTBLYR-27,14.75,,,,,227
2025-11-24,SYMALFUTBLYR-28,13.25,,,,,11
2025-11-24,SYMALFUTBLYR-29,10.75,,,,,
2025-11-25,SYMALFUTBLQ1-26,11.63,11.00,12.25,,,312
2025-11-25,SYMALFUTBLQ2-26,16.25,,,,,86
2025-11-25,SYMALFUTBLQ3-26,16.50,15.75,17.25,,,9
2025-11-25,SYMALFUTBLYR-27,14.75,,15.50,,,227
2025-11-25,SYMALFUTBLYR-28,14.00,12.00,16.00,,,11
2025-11-25,SYMALFUTBLYR-29,10.75,,,,,
2025-11-26,SYMALFUTBLQ1-26,11.63,9.25,12.90,,,312
2025-11-26,SYMALFUTBLQ2-26,16.25,,,,,86
2025-11-26,SYMALFUTBLQ3-26,16.50,,,,,9
2025-11-26,SYMALFUTBLYR-27,14.75,,,,,227
2025-11-26,SYMALFUTBLYR-28,14.00,,,,,11
2025-11-26,SYMALFUTBLYR-29,10.75,,,,,
2025-11-27,SYMALFUTBLQ1-26,11.63,5.00,,,,292
2025-11-27,SYMALFUTBLQ2-26,16.25,,,,,86
2025-11-27,SYMALFUTBLQ3-26,16.50,15.85,,,,9
2025-11-27,SYMALFUTBLYR-27,14.75,,15.00,,,227
2025-11-27,SYMALFUTBLYR-28,14.00,,,,,11
2025-11-27,SYMALFUTBLYR-29,10.75,,,,,
2025-11-28,SYMALFUTBLQ1-26,11.25,9.00,13.50,,,292
2025-11-28,SYMALFUTBLQ2-26,16.25,,,,,86
2025-11-28,SYMALFUTBLQ3-26,16.50,,,,,9
2025-11-28,SYMALFUTBLYR-27,14.75,,,,,227
2025-11-28,SYMALFUTBLYR-28,14.00,,,,,11
2025-11-28,SYMALFUTBLYR-29,10.75,,,,,
2025-12-01,SYMALFUTBLQ1-26,11.25,5.00,,,,292
2025-12-01,SYMALFUTBLQ2-26,16.25,,,,,86
2025-12-01,SYMALFUTBLQ3-26,16.50,,,,,9
2025-12-01,SYMALFUTBLYR-27,14.75,,,,,227
2025-12-01,SYMALFUTBLYR-28,14.00,,,,,11
2025-12-01,SYMALFUTBLYR-29,10.75,,,,,
2025-12-02,SYMALFUTBLQ1-26,10.53,,11.75,,,292
2025-12-02,SYMALFUTBLQ2-26,15.50,,,,,86
2025-12-02,SYMALFUTBLQ3-26,16.25,,16.40,,,9
2025-12-02,SYMALFUTBLYR-27,13.77,,,,,227
2025-12-02,SYMALFUTBLYR-28,14.00,,,,,11
2025-12-02,SYMALFUTBLYR-29,10.75,,,,,
2025-12-03,SYMALFUTBLQ1-26,10.63,9.50,11.75,,,314
2025-12-03,SYMALFUTBLQ2-26,15.50,,,,,106
2025-12-03,SYMALFUTBLQ3-26,16.25,14.10,16.50,,,9
2025-12-03,SYMALFUTBLYR-27,14.25,,,,,237
2025-12-03,SYMALFUTBLYR-28,14.00,,,,,11
2025-12-03,SYMALFUTBLYR-29,10.75,,,,,
2025-12-04,SYMALFUTBLQ1-26,10.63,4.00,,,,314
2025-12-04,SYMALFUTBLQ2-26,15.50,14.00,,,,106
2025-12-04,SYMALFUTBLQ3-26,15.75,13.50,16.50,,,9
2025-12-04,SYMALFUTBLYR-27,14.25,,,,,237
2025-12-04,SYMALFUTBLYR-28,14.00,,,,,11
2025-12-04,SYMALFUTBLYR-29,11.63,10.75,,,,
2025-12-05,SYMALFUTBLQ1-26,10.63,3.00,15.00,,,314
2025-12-05,SYMALFUTBLQ2-26,15.50,,,,,106
2025-12-05,SYMALFUTBLQ3-26,15.75,14.25,,,,9
2025-12-05,SYMALFUTBLYR-27,14.25,,,,,237
2025-12-05,SYMALFUTBLYR-28,14.00,13.00,15.40,,,11
2025-12-05,SYMALFUTBLYR-29,11.63,,,,,
2025-12-08,SYMALFUTBLQ1-26,10.63,6.80,15.00,,,314
2025-12-08,SYMALFUTBLQ2-26,15.50,14.00,,,,106
2025-12-08,SYMALFUTBLQ3-26,15.00,14.00,16.00,,,9
2025-12-08,SYMALFUTBLYR-27,14.25,,,,,237
2025-12-08,SYMALFUTBLYR-28,14.00,,15.75,,,11
2025-12-08,SYMALFUTBLYR-29,11.63,,,,,
2025-12-09,SYMALFUTBLQ1-26,10.63,,,,,314
2025-12-09,SYMALFUTBLQ2-26,15.50,,,,,106
2025-12-09,SYMALFUTBLQ3-26,15.00,13.75,,,,9
2025-12-09,SYMALFUTBLYR-27,14.25,,,,,237
2025-12-09,SYMALFUTBLYR-28,14.00,,,,,11
2025-12-09,SYMALFUTBLYR-29,11.63,,,,,
2025-12-10,SYMALFUTBLQ1-26,10.63,9.25,11.75,,,314
2025-12-10,SYMALFUTBLQ2-26,15.50,,,,,106
2025-12-10,SYMALFUTBLQ3-26,15.00,,,,,9
2025-12-10,SYMALFUTBLYR-27,14.25,,,,,237
2025-12-10,SYMALFUTBLYR-28,14.00,,,,,11
2025-12-10,SYMALFUTBLYR-29,11.63,,,,,
2025-12-11,SYMALFUTBLQ1-26,10.63,,12.00,,,314
2025-12-11,SYMALFUTBLQ2-26,15.50,,,,,106
2025-12-11,SYMALFUTBLQ3-26,15.00,,,,,9
2025-12-11,SYMALFUTBLYR-27,14.25,,,,,237
2025-12-11,SYMALFUTBLYR-28,14.00,,,,,11
2025-12-11,SYMALFUTBLYR-29,11.63,,,,,
2025-12-12,SYMALFUTBLQ1-26,10.63,7.50,13.50,,,314
2025-12-12,SYMALFUTBLQ2-26,15.50,,,,,106
2025-12-12,SYMALFUTBLQ3-26,15.00,,,,,9
2025-12-12,SYMALFUTBLYR-27,14.25,,,,,237
2025-12-12,SYMALFUTBLYR-28,14.00,,15.50,,,11
2025-12-12,SYMALFUTBLYR-29,11.63,,,,,
2025-12-15,SYMALFUTBLQ1-26,10.75,5.00,11.00,,,314
2025-12-15,SYMALFUTBLQ2-26,15.50,,,,,106
2025-12-15,SYMALFUTBLQ3-26,15.00,,,,,9
2025-12-15,SYMALFUTBLYR-27,14.25,,,,,237
2025-12-15,SYMALFUTBLYR-28,14.00,,,,,11
2025-12-15,SYMALFUTBLYR-29,11.63,,,,,
2025-12-16,SYMALFUTBLQ1-26,8.27,,,,,314
2025-12-16,SYMALFUTBLQ2-26,14.52,,,,,106
2025-12-16,SYMALFUTBLQ3-26,14.25,,,,,9
2025-12-16,SYMALFUTBLYR-27,13.23,,,,,237
2025-12-16,SYMALFUTBLYR-28,13.90,,15.30,,,11
2025-12-16,SYMALFUTBLYR-29,11.55,,,,,
2025-12-17,SYMALFUTBLQ1-26,8.50,8.25,11.50,,,337
2025-12-17,SYMALFUTBLQ2-26,14.50,14.00,15.00,,,126
2025-12-17,SYMALFUTBLQ3-26,14.25,,,,,9
2025-12-17,SYMALFUTBLYR-27,13.50,12.75,14.25,,,247
2025-12-17,SYMALFUTBLYR-28,13.90,,,,,11
2025-12-17,SYMALFUTBLYR-29,11.55,,,,,
2025-12-18,SYMALFUTBLQ1-26,8.50,,,,,333
2025-12-18,SYMALFUTBLQ2-26,14.50,11.75,,,,126
2025-12-18,SYMALFUTBLQ3-26,14.25,,,,,9
2025-12-18,SYMALFUTBLYR-27,13.75,12.50,15.00,,,240
2025-12-18,SYMALFUTBLYR-28,14.00,12.50,15.50,,,11
2025-12-18,SYMALFUTBLYR-29,11.55,,,,,
2025-12-19,SYMALFUTBLQ1-26,8.50,7.50,12.25,,,333
2025-12-19,SYMALFUTBLQ2-26,14.55,14.10,16.50,,,126
2025-12-19,SYMALFUTBLQ3-26,14.25,,,,,9
2025-12-19,SYMALFUTBLYR-27,13.75,,,,,240
2025-12-19,SYMALFUTBLYR-28,14.00,12.75,15.25,,,11
2025-12-19,SYMALFUTBLYR-29,11.55,,,,,
2025-12-22,SYMALFUTBLQ1-26,8.65,8.25,11.00,,,333
2025-12-22,SYMALFUTBLQ2-26,14.55,,,,,126
2025-12-22,SYMALFUTBLQ3-26,14.25,,,,,9
2025-12-22,SYMALFUTBLYR-27,13.75,,,,,240
2025-12-22,SYMALFUTBLYR-28,14.00,,,,,11
2025-12-22,SYMALFUTBLYR-29,11.55,,,,,
2025-12-23,SYMALFUTBLQ1-26,10.25,,12.25,10.25,10.25,333
2025-12-23,SYMALFUTBLQ2-26,15.08,14.15,16.00,,,126
2025-12-23,SYMALFUTBLQ3-26,14.60,,,,,9
2025-12-23,SYMALFUTBLQ4-26,15.00,,,,,
2025-12-23,SYMALFUTBLYR-27,13.75,,,,,240
2025-12-23,SYMALFUTBLYR-28,14.00,,,,,11
2025-12-23,SYMALFUTBLYR-29,11.55,,,,,
2025-12-29,SYMALFUTBLQ1-26,10.25,8.65,11.85,,,763
2025-12-29,SYMALFUTBLQ2-26,15.08,,,,,561
2025-12-29,SYMALFUTBLQ3-26,14.60,,,,,444
2025-12-29,SYMALFUTBLQ4-26,15.00,,,,,441
2025-12-29,SYMALFUTBLYR-27,13.75,,,,,240
2025-12-29,SYMALFUTBLYR-28,14.00,,,,,11
2025-12-29,SYMALFUTBLYR-29,11.55,,,,,
2025-12-30,SYMALFUTBLQ1-26,10.50,10.09,11.50,10.50,10.50,763
2025-12-30,SYMALFUTBLQ2-26,15.55,14.25,16.85,,,561
2025-12-30,SYMALFUTBLQ3-26,15.07,13.57,16.56,,,444
2025-12-30,SYMALFUTBLQ4-26,15.12,13.62,16.61,,,441
2025-12-30,SYMALFUTBLYR-27,13.74,12.60,14.88,,,240
2025-12-30,SYMALFUTBLYR-28,14.47,12.97,15.96,,,11
2025-12-30,SYMALFUTBLYR-29,11.95,10.45,13.44,,,
2026-01-02,SYMALFUTBLQ2-26,15.55,,,,,561
2026-01-02,SYMALFUTBLQ3-26,15.07,,,,,444
2026-01-02,SYMALFUTBLQ4-26,15.12,,,,,441
2026-01-02,SYMALFUTBLYR-27,13.74,,,,,240
2026-01-02,SYMALFUTBLYR-28,14.47,,,,,11
2026-01-02,SYMALFUTBLYR-29,11.95,,,,,
2026-01-02,SYMALFUTBLYR-30,12.05,8.00,14.00,,,
2026-01-05,SYMALFUTBLQ2-26,15.55,,,,,561
2026-01-05,SYMALFUTBLQ3-26,15.07,,,,,444
2026-01-05,SYMALFUTBLQ4-26,15.12,,,,,441
2026-01-05,SYMALFUTBLYR-27,13.38,12.75,14.00,,,240
2026-01-05,SYMALFUTBLYR-28,14.00,13.00,15.00,,,11
2026-01-05,SYMALFUTBLYR-29,11.95,,,,,
2026-01-05,SYMALFUTBLYR-30,12.05,,,,,
2026-01-06,SYMALFUTBLQ2-26,15.55,,,,,561
2026-01-06,SYMALFUTBLQ3-26,15.07,,,,,444
2026-01-06,SYMALFUTBLQ4-26,15.12,,,,,441
2026-01-06,SYMALFUTBLYR-27,13.38,,,,,240
2026-01-06,SYMALFUTBLYR-28,14.00,,,,,11
2026-01-06,SYMALFUTBLYR-29,11.95,,,,,
2026-01-06,SYMALFUTBLYR-30,12.05,,,,,
2026-01-07,SYMALFUTBLQ2-26,15.55,,,,,561
2026-01-07,SYMALFUTBLQ3-26,15.07,,,,,444
2026-01-07,SYMALFUTBLQ4-26,15.12,,,,,441
2026-01-07,SYMALFUTBLYR-27,13.38,,,,,240
2026-01-07,SYMALFUTBLYR-28,14.00,,,,,11
2026-01-07,SYMALFUTBLYR-29,11.95,,,,,
2026-01-07,SYMALFUTBLYR-30,12.05,,,,,
2026-01-08,SYMALFUTBLQ2-26,15.55,,,,,561
2026-01-08,SYMALFUTBLQ3-26,15.07,,,,,444
2026-01-08,SYMALFUTBLQ4-26,15.12,,,,,441
2026-01-08,SYMALFUTBLYR-27,13.38,,,,,240
2026-01-08,SYMALFUTBLYR-28,14.00,,,,,11
2026-01-08,SYMALFUTBLYR-29,11.95,,,,,
2026-01-08,SYMALFUTBLYR-30,12.05,,,,,
2026-01-09,SYMALFUTBLQ2-26,15.55,,,,,561
2026-01-09,SYMALFUTBLQ3-26,15.07,,,,,444
2026-01-09,SYMALFUTBLQ4-26,15.12,,,,,441
2026-01-09,SYMALFUTBLYR-27,13.38,,,,,240
2026-01-09,SYMALFUTBLYR-28,14.00,,,,,11
2026-01-09,SYMALFUTBLYR-29,11.95,,,,,
2026-01-09,SYMALFUTBLYR-30,12.05,,,,,
2026-01-12,SYMALFUTBLQ2-26,15.55,,,,,561
2026-01-12,SYMALFUTBLQ3-26,15.07,,,,,444
2026-01-12,SYMALFUTBLQ4-26,15.12,,,,,441
2026-01-12,SYMALFUTBLYR-27,13.38,,,,,240
2026-01-12,SYMALFUTBLYR-28,14.00,,,,,11
2026-01-12,SYMALFUTBLYR-29,11.95,,,,,
2026-01-12,SYMALFUTBLYR-30,12.05,,,,,
2026-01-13,SYMALFUTBLQ2-26,14.27,13.75,15.05,,,561
2026-01-13,SYMALFUTBLQ3-26,14.97,,,,,444
2026-01-13,SYMALFUTBLQ4-26,14.75,,,,,441
2026-01-13,SYMALFUTBLYR-27,11.77,,,,,240
2026-01-13,SYMALFUTBLYR-28,12.77,12.00,13.70,13.95,13.95,11
2026-01-13,SYMALFUTBLYR-29,11.95,11.75,13.75,,,
2026-01-13,SYMALFUTBLYR-30,12.05,,,,,
2026-01-14,SYMALFUTBLQ2-26,14.27,10.00,,,,581
2026-01-14,SYMALFUTBLQ3-26,14.97,,,,,464
2026-01-14,SYMALFUTBLQ4-26,14.75,,,,,441
2026-01-14,SYMALFUTBLYR-27,12.75,11.50,14.00,,,250
2026-01-14,SYMALFUTBLYR-28,13.50,12.75,14.25,,,22
2026-01-14,SYMALFUTBLYR-29,11.95,,,,,
2026-01-14,SYMALFUTBLYR-30,12.05,,,,,
2026-01-15,SYMALFUTBLQ2-26,14.25,13.00,,,,581
2026-01-15,SYMALFUTBLQ3-26,14.97,,,,,464
2026-01-15,SYMALFUTBLQ4-26,14.75,,,,,441
2026-01-15,SYMALFUTBLYR-27,12.75,11.50,14.00,,,250
2026-01-15,SYMALFUTBLYR-28,13.38,12.75,14.00,,,22
2026-01-15,SYMALFUTBLYR-29,12.50,11.95,14.00,,,
2026-01-15,SYMALFUTBLYR-30,12.05,,,,,
2026-01-16,SYMALFUTBLQ2-26,14.25,,,,,581
2026-01-16,SYMALFUTBLQ3-26,14.97,,,,,464
2026-01-16,SYMALFUTBLQ4-26,14.75,11.25,15.80,,,441
2026-01-16,SYMALFUTBLYR-27,12.75,,,,,250
2026-01-16,SYMALFUTBLYR-28,13.38,,,,,22
2026-01-16,SYMALFUTBLYR-29,12.50,,,,,
2026-01-16,SYMALFUTBLYR-30,12.05,,,,,
2026-01-19,SYMALFUTBLQ2-26,14.25,,,,,581
2026-01-19,SYMALFUTBLQ3-26,14.97,,,,,464
2026-01-19,SYMALFUTBLQ4-26,14.75,,16.00,,,441
2026-01-19,SYMALFUTBLYR-27,12.75,,,,,250
2026-01-19,SYMALFUTBLYR-28,13.38,,,,,22
2026-01-19,SYMALFUTBLYR-29,12.50,,,,,
2026-01-19,SYMALFUTBLYR-30,12.05,,,,,
2026-01-20,SYMALFUTBLQ2-26,14.25,,,,,581
2026-01-20,SYMALFUTBLQ3-26,14.97,,,,,464
2026-01-20,SYMALFUTBLQ4-26,14.75,11.00,16.00,,,441
2026-01-20,SYMALFUTBLYR-27,12.75,,,,,250
2026-01-20,SYMALFUTBLYR-28,13.38,,,,,22
2026-01-20,SYMALFUTBLYR-29,12.50,,,,,
2026-01-20,SYMALFUTBLYR-30,12.05,,,,,
2026-01-21,SYMALFUTBLQ2-26,14.25,,,,,581
2026-01-21,SYMALFUTBLQ3-26,14.97,,,,,464
2026-01-21,SYMALFUTBLQ4-26,14.75,9.25,15.75,,,441
2026-01-21,SYMALFUTBLYR-27,12.50,10.00,12.90,12.50,12.50,250
2026-01-21,SYMALFUTBLYR-28,13.30,,,,,22
2026-01-21,SYMALFUTBLYR-29,12.50,,,,,
2026-01-21,SYMALFUTBLYR-30,12.05,,,,,
2026-01-22,SYMALFUTBLQ2-26,14.25,,,,,581
2026-01-22,SYMALFUTBLQ3-26,14.97,,,,,464
2026-01-22,SYMALFUTBLQ4-26,12.00,10.00,13.00,12.00,12.00,441
2026-01-22,SYMALFUTBLYR-27,12.50,,12.70,,,251
2026-01-22,SYMALFUTBLYR-28,12.88,11.00,13.25,,,26
2026-01-22,SYMALFUTBLYR-29,12.50,,,,,
2026-01-22,SYMALFUTBLYR-30,12.05,,,,,
2026-01-23,SYMALFUTBLQ2-26,14.25,,15.00,,,581
2026-01-23,SYMALFUTBLQ3-26,14.00,,14.97,,,464
2026-01-23,SYMALFUTBLQ4-26,11.45,10.00,12.90,,,441
2026-01-23,SYMALFUTBLYR-27,12.50,,13.00,,,251
2026-01-23,SYMALFUTBLYR-28,12.75,10.00,13.00,,,26
2026-01-23,SYMALFUTBLYR-29,12.50,,,,,
2026-01-23,SYMALFUTBLYR-30,12.05,,,,,
2026-01-26,SYMALFUTBLQ2-26,14.25,,,,,581
2026-01-26,SYMALFUTBLQ3-26,14.00,,,,,464
2026-01-26,SYMALFUTBLQ4-26,11.45,7.30,14.20,,,441
2026-01-26,SYMALFUTBLYR-27,12.00,9.00,13.00,,,251
2026-01-26,SYMALFUTBLYR-28,12.25,9.50,13.00,,,26
2026-01-26,SYMALFUTBLYR-29,12.00,,,,,
2026-01-26,SYMALFUTBLYR-30,12.00,,,,,
2026-01-27,SYMALFUTBLQ2-26,12.02,,,,,581
2026-01-27,SYMALFUTBLQ3-26,12.22,,,,,464
2026-01-27,SYMALFUTBLQ4-26,11.00,10.00,12.00,11.00,11.00,441
2026-01-27,SYMALFUTBLYR-27,10.52,,,,,251
2026-01-27,SYMALFUTBLYR-28,11.27,,,,,26
2026-01-27,SYMALFUTBLYR-29,12.00,8.00,,,,
2026-01-27,SYMALFUTBLYR-30,12.00,,,,,
2026-01-28,SYMALFUTBLQ2-26,12.02,,14.00,,,601
2026-01-28,SYMALFUTBLQ3-26,12.22,,,,,484
2026-01-28,SYMALFUTBLQ4-26,11.00,10.00,12.00,,,441
2026-01-28,SYMALFUTBLYR-27,10.52,,11.95,,,261
2026-01-28,SYMALFUTBLYR-28,11.27,10.00,,,,34
2026-01-28,SYMALFUTBLYR-29,12.00,,,,,
2026-01-28,SYMALFUTBLYR-30,12.00,,,,,
2026-01-29,SYMALFUTBLQ2-26,12.00,,12.02,,,601
2026-01-29,SYMALFUTBLQ3-26,11.90,,12.00,,,484
2026-01-29,SYMALFUTBLQ4-26,10.75,,,,,441
2026-01-29,SYMALFUTBLYR-27,10.00,,,,,261
2026-01-29,SYMALFUTBLYR-28,11.25,10.50,,11.25,11.25,34
2026-01-29,SYMALFUTBLYR-29,11.50,10.50,12.50,,,
2026-01-29,SYMALFUTBLYR-30,11.75,,,,,
2026-01-30,SYMALFUTBLQ2-26,12.00,,12.02,,,601
2026-01-30,SYMALFUTBLQ3-26,11.90,10.25,12.25,,,489
2026-01-30,SYMALFUTBLQ4-26,10.75,9.75,11.25,,,445
2026-01-30,SYMALFUTBLYR-27,10.00,,,,,261
2026-01-30,SYMALFUTBLYR-28,11.00,10.00,,,,35
2026-01-30,SYMALFUTBLYR-29,11.50,,,,,
2026-01-30,SYMALFUTBLYR-30,11.75,,,,,
2026-02-02,SYMALFUTBLQ2-26,12.00,,,,,601
2026-02-02,SYMALFUTBLQ3-26,11.90,,,,,489
2026-02-02,SYMALFUTBLQ4-26,10.75,,,,,445
2026-02-02,SYMALFUTBLYR-27,10.00,,,,,261
2026-02-02,SYMALFUTBLYR-28,11.00,,,,,35
2026-02-02,SYMALFUTBLYR-29,11.50,,,,,
2026-02-02,SYMALFUTBLYR-30,11.75,,,,,
2026-02-03,SYMALFUTBLQ2-26,12.00,,14.00,,,601
2026-02-03,SYMALFUTBLQ3-26,11.90,,,,,489
2026-02-03,SYMALFUTBLQ4-26,10.75,,,,,445
2026-02-03,SYMALFUTBLYR-27,10.00,,12.55,,,261
2026-02-03,SYMALFUTBLYR-28,11.00,,,,,35
2026-02-03,SYMALFUTBLYR-29,11.50,,,,,
2026-02-03,SYMALFUTBLYR-30,11.75,,,,,
2026-02-04,SYMALFUTBLQ2-26,12.00,,14.00,,,601
2026-02-04,SYMALFUTBLQ3-26,11.90,,,,,489
2026-02-04,SYMALFUTBLQ4-26,10.75,,,,,445
2026-02-04,SYMALFUTBLYR-27,10.25,10.00,,,,261
2026-02-04,SYMALFUTBLYR-28,11.00,,,,,35
2026-02-04,SYMALFUTBLYR-29,11.50,,,,,
2026-02-04,SYMALFUTBLYR-30,11.75,,,,,
2026-02-05,SYMALFUTBLQ2-26,10.50,9.50,10.50,10.50,10.50,601
2026-02-05,SYMALFUTBLQ3-26,10.50,10.50,11.00,,,489
2026-02-05,SYMALFUTBLQ4-26,10.00,,12.00,,,445
2026-02-05,SYMALFUTBLYR-27,10.50,10.25,11.00,,,261
2026-02-05,SYMALFUTBLYR-28,11.00,10.00,,,,35
2026-02-05,SYMALFUTBLYR-29,11.50,,,,,
2026-02-05,SYMALFUTBLYR-30,11.75,,,,,
2026-02-06,SYMALFUTBLQ2-26,10.25,9.50,10.50,,,601
2026-02-06,SYMALFUTBLQ3-26,10.50,9.50,11.50,,,489
2026-02-06,SYMALFUTBLQ4-26,10.00,,,,,444
2026-02-06,SYMALFUTBLYR-27,10.50,,,,,261
2026-02-06,SYMALFUTBLYR-28,11.00,,,,,35
2026-02-06,SYMALFUTBLYR-29,11.50,,,,,
2026-02-06,SYMALFUTBLYR-30,11.75,,,,,
2026-02-09,SYMALFUTBLQ2-26,10.25,,12.00,,,601
2026-02-09,SYMALFUTBLQ3-26,10.60,,11.00,,,489
2026-02-09,SYMALFUTBLQ4-26,10.00,,,,,444
2026-02-09,SYMALFUTBLYR-27,10.75,9.00,10.75,10.75,10.75,261
2026-02-09,SYMALFUTBLYR-28,11.00,9.00,,,,35
2026-02-09,SYMALFUTBLYR-29,11.50,7.50,,,,
2026-02-09,SYMALFUTBLYR-30,11.75,,,,,
2026-02-10,SYMALFUTBLQ2-26,8.25,,,,,601
2026-02-10,SYMALFUTBLQ3-26,10.55,10.00,11.00,,,494
2026-02-10,SYMALFUTBLQ4-26,10.00,,,,,444
2026-02-10,SYMALFUTBLYR-27,9.27,,,,,261
2026-02-10,SYMALFUTBLYR-28,9.77,,,,,35
2026-02-10,SYMALFUTBLYR-29,11.50,,,,,
2026-02-10,SYMALFUTBLYR-30,11.75,,,,,
2026-02-11,SYMALFUTBLQ2-26,8.25,,,,,621
2026-02-11,SYMALFUTBLQ3-26,10.55,,,,,513
2026-02-11,SYMALFUTBLQ4-26,10.00,,,,,444
2026-02-11,SYMALFUTBLYR-27,9.27,,,,,271
2026-02-11,SYMALFUTBLYR-28,9.77,,,,,41
2026-02-11,SYMALFUTBLYR-29,11.50,,,,,
2026-02-11,SYMALFUTBLYR-30,11.75,,,,,
2026-02-12,SYMALFUTBLQ2-26,8.25,,,,,621
2026-02-12,SYMALFUTBLQ3-26,10.55,,,,,513
2026-02-12,SYMALFUTBLQ4-26,10.00,,,,,444
2026-02-12,SYMALFUTBLYR-27,9.50,,,,,271
2026-02-12,SYMALFUTBLYR-28,9.77,,,,,41
2026-02-12,SYMALFUTBLYR-29,11.50,,,,,
2026-02-12,SYMALFUTBLYR-30,11.75,,,,,
2026-02-13,SYMALFUTBLQ2-26,8.25,,,,,621
2026-02-13,SYMALFUTBLQ3-26,10.55,,,,,513
2026-02-13,SYMALFUTBLQ4-26,10.00,,10.25,,,444
2026-02-13,SYMALFUTBLYR-27,9.50,,,,,271
2026-02-13,SYMALFUTBLYR-28,9.77,,,,,41
2026-02-13,SYMALFUTBLYR-29,11.50,,,,,
2026-02-13,SYMALFUTBLYR-30,11.75,,,,,
2026-02-16,SYMALFUTBLQ2-26,8.25,,,,,621
2026-02-16,SYMALFUTBLQ3-26,10.55,,,,,513
2026-02-16,SYMALFUTBLQ4-26,10.00,,,,,444
2026-02-16,SYMALFUTBLYR-27,9.50,,,,,271
2026-02-16,SYMALFUTBLYR-28,9.77,,,,,41
2026-02-16,SYMALFUTBLYR-29,11.50,,,,,
2026-02-16,SYMALFUTBLYR-30,11.75,,,,,
2026-02-17,SYMALFUTBLQ2-26,8.25,,,,,621
2026-02-17,SYMALFUTBLQ3-26,10.55,,,,,513
2026-02-17,SYMALFUTBLQ4-26,10.00,,,,,444
2026-02-17,SYMALFUTBLYR-27,9.50,,,,,271
2026-02-17,SYMALFUTBLYR-28,9.77,,,,,41
2026-02-17,SYMALFUTBLYR-29,11.50,,,,,
2026-02-17,SYMALFUTBLYR-30,11.75,,,,,
2026-02-18,SYMALFUTBLQ2-26,8.00,,,,,621
2026-02-18,SYMALFUTBLQ3-26,10.55,,,,,513
2026-02-18,SYMALFUTBLQ4-26,10.00,,,,,444
2026-02-18,SYMALFUTBLYR-27,9.50,,,,,271
2026-02-18,SYMALFUTBLYR-28,10.00,,,,,41
2026-02-18,SYMALFUTBLYR-29,11.50,,,,,
2026-02-18,SYMALFUTBLYR-30,11.75,,,,,
2026-02-19,SYMALFUTBLQ2-26,8.00,,,,,621
2026-02-19,SYMALFUTBLQ3-26,10.55,,,,,513
2026-02-19,SYMALFUTBLQ4-26,10.00,,,,,444
2026-02-19,SYMALFUTBLYR-27,9.50,,,,,271
2026-02-19,SYMALFUTBLYR-28,10.00,,,,,42
2026-02-19,SYMALFUTBLYR-29,11.50,,,,,
2026-02-19,SYMALFUTBLYR-30,11.75,,,,,
2026-02-20,SYMALFUTBLQ2-26,8.00,,,,,621
2026-02-20,SYMALFUTBLQ3-26,10.55,,,,,513
2026-02-20,SYMALFUTBLQ4-26,10.00,,,,,444
2026-02-20,SYMALFUTBLYR-27,9.50,,,,,271
2026-02-20,SYMALFUTBLYR-28,10.00,,,,,42
2026-02-20,SYMALFUTBLYR-29,11.50,,,,,
2026-02-20,SYMALFUTBLYR-30,11.75,,,,,
2026-02-23,SYMALFUTBLQ2-26,8.00,,,,,621
2026-02-23,SYMALFUTBLQ3-26,10.55,,,,,513
2026-02-23,SYMALFUTBLQ4-26,10.00,,,,,444
2026-02-23,SYMALFUTBLYR-27,9.50,,,,,271
2026-02-23,SYMALFUTBLYR-28,10.00,,,,,42
2026-02-23,SYMALFUTBLYR-29,11.50,,,,,
2026-02-23,SYMALFUTBLYR-30,11.75,,,,,
2026-02-24,SYMALFUTBLQ2-26,8.47,,,,,621
2026-02-24,SYMALFUTBLQ3-26,9.52,,,,,513
2026-02-24,SYMALFUTBLQ4-26,10.00,,,,,444
2026-02-24,SYMALFUTBLYR-27,8.65,,,,,271
2026-02-24,SYMALFUTBLYR-28,9.86,,,,,42
2026-02-24,SYMALFUTBLYR-29,11.50,,,,,
2026-02-24,SYMALFUTBLYR-30,11.75,,,,,
2026-02-25,SYMALFUTBLQ2-26,8.37,,,,,641
2026-02-25,SYMALFUTBLQ3-26,9.52,,,,,530
2026-02-25,SYMALFUTBLQ4-26,10.00,,,,,444
2026-02-25,SYMALFUTBLYR-27,9.20,8.40,10.00,,,281
2026-02-25,SYMALFUTBLYR-28,10.10,9.80,10.40,,,52
2026-02-25,SYMALFUTBLYR-29,12.00,,,12.00,12.00,
2026-02-25,SYMALFUTBLYR-30,11.75,,,,,
2026-02-26,SYMALFUTBLQ2-26,8.37,,,,,641
2026-02-26,SYMALFUTBLQ3-26,9.52,,,,,530
2026-02-26,SYMALFUTBLQ4-26,10.00,,,,,444
2026-02-26,SYMALFUTBLYR-27,9.20,,,,,281
2026-02-26,SYMALFUTBLYR-28,10.40,,,,,52
2026-02-26,SYMALFUTBLYR-29,12.00,,,,,1
2026-02-26,SYMALFUTBLYR-30,11.75,,,,,
2026-02-27,SYMALFUTBLQ2-26,8.20,,,,,641
2026-02-27,SYMALFUTBLQ3-26,9.52,,11.00,,,530
2026-02-27,SYMALFUTBLQ4-26,10.00,,,,,444
2026-02-27,SYMALFUTBLYR-27,9.20,,,,,281
2026-02-27,SYMALFUTBLYR-28,10.40,,,,,54
2026-02-27,SYMALFUTBLYR-29,12.00,,,,,1
2026-02-27,SYMALFUTBLYR-30,11.75,,,,,
2026-03-02,SYMALFUTBLQ2-26,9.25,,12.00,,,641
2026-03-02,SYMALFUTBLQ3-26,10.50,,,,,530
2026-03-02,SYMALFUTBLQ4-26,10.00,,,,,444
2026-03-02,SYMALFUTBLYR-27,9.60,9.20,10.00,,,281
2026-03-02,SYMALFUTBLYR-28,10.40,,,,,54
2026-03-02,SYMALFUTBLYR-29,12.00,,,,,1
2026-03-02,SYMALFUTBLYR-30,11.75,,,,,
2026-03-03,SYMALFUTBLQ2-26,10.00,9.00,12.00,,,641
2026-03-03,SYMALFUTBLQ3-26,11.50,11.10,14.25,,,550
2026-03-03,SYMALFUTBLQ4-26,11.00,10.00,15.00,,,444
2026-03-03,SYMALFUTBLYR-27,11.50,10.40,,11.50,10.35,281
2026-03-03,SYMALFUTBLYR-28,11.00,,,,,54
2026-03-03,SYMALFUTBLYR-29,13.00,,,,,1
2026-03-03,SYMALFUTBLYR-30,12.00,,,,,
2026-03-04,SYMALFUTBLQ2-26,10.00,,12.00,,,641
2026-03-04,SYMALFUTBLQ3-26,11.50,10.00,14.00,,,550
2026-03-04,SYMALFUTBLQ4-26,11.00,,,,,444
2026-03-04,SYMALFUTBLYR-27,11.75,11.00,12.50,,,282
2026-03-04,SYMALFUTBLYR-28,11.25,11.00,,,,55
2026-03-04,SYMALFUTBLYR-29,13.00,12.50,,,,2
2026-03-04,SYMALFUTBLYR-30,12.00,,,,,
2026-03-05,SYMALFUTBLQ2-26,10.00,9.00,15.00,,,641
2026-03-05,SYMALFUTBLQ3-26,11.50,,,,,550
2026-03-05,SYMALFUTBLQ4-26,11.00,,,,,444
2026-03-05,SYMALFUTBLYR-27,11.75,9.25,,,,282
2026-03-05,SYMALFUTBLYR-28,11.25,,,,,55
2026-03-05,SYMALFUTBLYR-29,13.00,,,,,2
2026-03-05,SYMALFUTBLYR-30,12.00,,,,,
2026-03-06,SYMALFUTBLQ2-26,11.63,10.50,12.75,,,641
2026-03-06,SYMALFUTBLQ3-26,11.75,10.50,13.00,,,550
2026-03-06,SYMALFUTBLQ4-26,11.00,,13.00,,,444
2026-03-06,SYMALFUTBLYR-27,11.75,9.25,13.00,,,282
2026-03-06,SYMALFUTBLYR-28,11.25,,,,,55
2026-03-06,SYMALFUTBLYR-29,13.00,,,,,2
2026-03-06,SYMALFUTBLYR-30,12.00,,,,,
2026-03-09,SYMALFUTBLQ2-26,12.00,9.00,13.00,12.00,12.00,641
2026-03-09,SYMALFUTBLQ3-26,11.75,,15.25,,,550
2026-03-09,SYMALFUTBLQ4-26,11.00,,15.25,,,444
2026-03-09,SYMALFUTBLYR-27,11.33,10.50,12.25,,,282
2026-03-09,SYMALFUTBLYR-28,11.25,,,,,55
2026-03-09,SYMALFUTBLYR-29,14.25,,,,,2
2026-03-09,SYMALFUTBLYR-30,12.00,,,,,
2026-03-10,SYMALFUTBLQ2-26,12.37,,,,,644
2026-03-10,SYMALFUTBLQ3-26,10.52,,,,,550
2026-03-10,SYMALFUTBLQ4-26,11.50,,,,,444
2026-03-10,SYMALFUTBLYR-27,12.22,9.25,12.50,,,282
2026-03-10,SYMALFUTBLYR-28,12.47,,14.15,,,55
2026-03-10,SYMALFUTBLYR-29,14.25,,,,,5
2026-03-10,SYMALFUTBLYR-30,12.00,,,,,
2026-03-11,SYMALFUTBLQ2-26,12.37,,13.00,,,664
2026-03-11,SYMALFUTBLQ3-26,10.50,,11.00,,,570
2026-03-11,SYMALFUTBLQ4-26,12.00,,,,,447
2026-03-11,SYMALFUTBLYR-27,11.50,10.25,12.75,,,292
2026-03-11,SYMALFUTBLYR-28,12.47,10.00,13.00,,,65
2026-03-11,SYMALFUTBLYR-29,14.25,10.25,15.00,,,5
2026-03-11,SYMALFUTBLYR-30,12.00,,,,,
2026-03-12,SYMALFUTBLQ2-26,12.37,,,,,664
2026-03-12,SYMALFUTBLQ3-26,10.50,,,,,571
2026-03-12,SYMALFUTBLQ4-26,12.10,,12.60,,,450
2026-03-12,SYMALFUTBLYR-27,11.55,9.25,12.50,,,292
2026-03-12,SYMALFUTBLYR-28,12.47,11.50,,,,65
2026-03-12,SYMALFUTBLYR-29,14.25,,,,,5
2026-03-12,SYMALFUTBLYR-30,12.00,,,,,
2026-03-13,SYMALFUTBLQ2-26,12.37,,,,,664
2026-03-13,SYMALFUTBLQ3-26,10.50,,,,,571
2026-03-13,SYMALFUTBLQ4-26,12.10,,12.50,,,450
2026-03-13,SYMALFUTBLYR-27,11.55,9.25,12.50,,,292
2026-03-13,SYMALFUTBLYR-28,12.47,,,,,65
2026-03-13,SYMALFUTBLYR-29,14.25,,,,,5
2026-03-13,SYMALFUTBLYR-30,12.00,,,,,
2026-03-16,SYMALFUTBLQ2-26,12.37,,,,,
2026-03-16,SYMALFUTBLQ3-26,10.50,,,,,
2026-03-16,SYMALFUTBLQ4-26,12.10,,,,,
2026-03-16,SYMALFUTBLYR-27,11.55,,,,,
2026-03-16,SYMALFUTBLYR-28,12.47,,,,,
2026-03-16,SYMALFUTBLYR-29,14.25,,,,,
2026-03-16,SYMALFUTBLYR-30,12.00,,,,,
2026-03-17,SYMALFUTBLQ2-26,12.27,,,,,
2026-03-17,SYMALFUTBLQ3-26,10.00,,,,,
2026-03-17,SYMALFUTBLQ4-26,12.17,,,,,
2026-03-17,SYMALFUTBLYR-27,11.78,,,,,
2026-03-17,SYMALFUTBLYR-28,12.43,,,,,
2026-03-17,SYMALFUTBLYR-29,14.21,,,,,
2026-03-17,SYMALFUTBLYR-30,11.96,,,,,
2026-03-18,SYMALFUTBLQ2-26,12.94,,,,,
2026-03-18,SYMALFUTBLQ3-26,10.46,,,,,
2026-03-18,SYMALFUTBLQ4-26,12.74,,,,,
2026-03-18,SYMALFUTBLYR-27,11.86,,,,,
2026-03-18,SYMALFUTBLYR-28,12.50,,,,,
2026-03-18,SYMALFUTBLYR-29,14.30,,,,,
2026-03-18,SYMALFUTBLYR-30,12.05,,,,,
2026-03-19,SYMALFUTBLQ2-26,14.00,,,,,
2026-03-19,SYMALFUTBLQ3-26,10.50,,,,,
2026-03-19,SYMALFUTBLQ4-26,12.93,,,,,
2026-03-19,SYMALFUTBLYR-27,12.03,,,,,
2026-03-19,SYMALFUTBLYR-28,12.02,,,,,
2026-03-19,SYMALFUTBLYR-29,14.35,,,,,
2026-03-19,SYMALFUTBLYR-30,12.22,,,,,
2026-03-20,SYMALFUTBLQ2-26,14.00,,,,,
2026-03-20,SYMALFUTBLQ3-26,11.11,,,,,
2026-03-20,SYMALFUTBLQ4-26,12.72,,,,,
2026-03-20,SYMALFUTBLYR-27,12.23,,,,,
2026-03-20,SYMALFUTBLYR-28,12.32,,,,,
2026-03-20,SYMALFUTBLYR-29,14.57,,,,,
2026-03-20,SYMALFUTBLYR-30,12.44,,,,,
2026-03-23,SYMALFUTBLQ2-26,14.00,,,,,
2026-03-23,SYMALFUTBLQ3-26,11.73,,,,,
2026-03-23,SYMALFUTBLQ4-26,12.26,,,,,
2026-03-23,SYMALFUTBLYR-27,12.07,,,,,
2026-03-23,SYMALFUTBLYR-28,12.56,,,,,
2026-03-23,SYMALFUTBLYR-29,14.76,,,,,
2026-03-23,SYMALFUTBLYR-30,12.63,,,,,
2026-03-24,SYMALFUTBLQ2-26,14.25,,,,,
2026-03-24,SYMALFUTBLQ3-26,10.83,,,,,
2026-03-24,SYMALFUTBLQ4-26,12.10,,,,,
2026-03-24,SYMALFUTBLYR-27,12.30,,,,,
2026-03-24,SYMALFUTBLYR-28,12.50,,,,,
2026-03-24,SYMALFUTBLYR-29,14.90,,,,,
2026-03-24,SYMALFUTBLYR-30,12.77,,,,,
2026-03-25,SYMALFUTBLQ2-26,13.99,,,,,
2026-03-25,SYMALFUTBLQ3-26,10.73,,,,,
2026-03-25,SYMALFUTBLQ4-26,11.19,,,,,
2026-03-25,SYMALFUTBLYR-27,11.93,,,,,
2026-03-25,SYMALFUTBLYR-28,12.42,,,,,
2026-03-25,SYMALFUTBLYR-29,14.95,,,,,
2026-03-25,SYMALFUTBLYR-30,12.82,,,,,
2026-03-26,SYMALFUTBLQ2-26,14.74,,,,,
2026-03-26,SYMALFUTBLQ3-26,11.57,,,,,
2026-03-26,SYMALFUTBLQ4-26,12.05,,,,,
2026-03-26,SYMALFUTBLYR-27,12.34,,,,,
2026-03-26,SYMALFUTBLYR-28,12.54,,,,,
2026-03-26,SYMALFUTBLYR-29,15.07,,,,,
2026-03-26,SYMALFUTBLYR-30,12.94,,,,,
2026-03-27,SYMALFUTBLQ2-26,14.14,,,,,
2026-03-27,SYMALFUTBLQ3-26,11.48,,,,,
2026-03-27,SYMALFUTBLQ4-26,11.39,,,,,
2026-03-27,SYMALFUTBLYR-27,12.61,,,,,
2026-03-27,SYMALFUTBLYR-28,12.44,,,,,
2026-03-27,SYMALFUTBLYR-29,15.04,,,,,
2026-03-27,SYMALFUTBLYR-30,12.97,,,,,
2026-03-30,SYMALFUTBLQ2-26,15.25,,,,,
2026-03-30,SYMALFUTBLQ3-26,12.48,,,,,
2026-03-30,SYMALFUTBLQ4-26,12.13,,,,,
2026-03-30,SYMALFUTBLYR-27,12.90,,,,,
2026-03-30,SYMALFUTBLYR-28,12.90,,,,,
2026-03-30,SYMALFUTBLYR-29,15.05,,,,,
2026-03-30,SYMALFUTBLYR-30,13.02,,,,,
2026-03-31,SYMALFUTBLQ2-26,14.63,,,,,
2026-03-31,SYMALFUTBLQ3-26,11.43,,,,,
2026-03-31,SYMALFUTBLQ4-26,11.59,,,,,
2026-03-31,SYMALFUTBLYR-27,12.68,,,,,
2026-03-31,SYMALFUTBLYR-28,11.94,,,,,
2026-03-31,SYMALFUTBLYR-29,14.52,,,,,
2026-03-31,SYMALFUTBLYR-30,12.99,,,,,
2026-04-01,SYMALFUTBLQ3-26,10.66,,,,,
2026-04-01,SYMALFUTBLQ4-26,10.58,,,,,
2026-04-01,SYMALFUTBLYR-27,12.43,,,,,
2026-04-01,SYMALFUTBLYR-28,11.87,,,,,
2026-04-01,SYMALFUTBLYR-29,13.89,,,,,
2026-04-01,SYMALFUTBLYR-30,13.06,,,,,
